Product ID,Product Name,Category,Sub-Category
OFF-PA-1000,Boise Paper,Office Supplies,Paper
OFF-LA-1001,Hon Label Maker Tape,Office Supplies,Labels
TEC-PH-1002,Apple iPhone,Technology,Phones
FUR-BO-1003,Sauder Bookcase,Furniture,Bookcases
TEC-CO-1004,Hewlett Packard Copier,Technology,Copiers
OFF-PA-1005,Boise Paper,Office Supplies,Paper
TEC-CO-1006,Hewlett Packard Copier,Technology,Copiers
OFF-ST-1007,Iris File Box,Office Supplies,Storage
OFF-PA-1008,HP Paper Ream,Office Supplies,Paper
TEC-AC-1009,Kensington Keyboard,Technology,Accessories
TEC-AC-1010,SanDisk Flash Drive,Technology,Accessories
TEC-CO-1011,Canon Copier,Technology,Copiers
FUR-TA-1012,Bretford Conference Table,Furniture,Tables
TEC-AC-1013,SanDisk Flash Drive,Technology,Accessories
TEC-MA-1014,Lexmark Printer,Technology,Machines
OFF-ST-1015,Fellowes Storage Box,Office Supplies,Storage
TEC-AC-1016,Kensington Keyboard,Technology,Accessories
TEC-MA-1017,Cubify 3D Printer,Technology,Machines
TEC-CO-1018,Hewlett Packard Copier,Technology,Copiers
FUR-FU-1019,Eldon Desk Lamp,Furniture,Furnishings
FUR-BO-1020,O'Sullivan Bookcase,Furniture,Bookcases
OFF-AR-1021,Sharpie Markers,Office Supplies,Art
FUR-FU-1022,Advantus Task Lamp,Furniture,Furnishings
FUR-TA-1023,Bretford Conference Table,Furniture,Tables
OFF-AR-1024,Sharpie Markers,Office Supplies,Art
FUR-FU-1025,Tenex Chairmat,Furniture,Furnishings
OFF-ST-1026,SimpleHouseware Bin,Office Supplies,Storage
OFF-ST-1027,Fellowes Storage Box,Office Supplies,Storage
OFF-AR-1028,Newell Highlighters,Office Supplies,Art
OFF-ST-1029,Fellowes Storage Box,Office Supplies,Storage
OFF-BI-1030,GBC Binding System,Office Supplies,Binders
FUR-CH-1031,Global Task Chair,Furniture,Chairs
OFF-AR-1032,Sharpie Markers,Office Supplies,Art
TEC-CO-1033,Hewlett Packard Copier,Technology,Copiers
OFF-AR-1034,Bic Pens,Office Supplies,Art
OFF-ST-1035,Iris File Box,Office Supplies,Storage
FUR-FU-1036,Advantus Task Lamp,Furniture,Furnishings
TEC-AC-1037,Logitech Mouse,Technology,Accessories
OFF-LA-1038,Avery Labels,Office Supplies,Labels
FUR-TA-1039,Chromcraft Round Table,Furniture,Tables
TEC-CO-1040,Canon Copier,Technology,Copiers
TEC-AC-1041,Logitech Mouse,Technology,Accessories
OFF-AR-1042,Sharpie Markers,Office Supplies,Art
TEC-CO-1043,Canon Copier,Technology,Copiers
TEC-CO-1044,Hewlett Packard Copier,Technology,Copiers
OFF-ST-1045,SimpleHouseware Bin,Office Supplies,Storage
OFF-LA-1046,Hon Label Maker Tape,Office Supplies,Labels
TEC-AC-1047,Kensington Keyboard,Technology,Accessories
OFF-ST-1048,SimpleHouseware Bin,Office Supplies,Storage
OFF-ST-1049,Iris File Box,Office Supplies,Storage
OFF-PA-1050,Boise Paper,Office Supplies,Paper
FUR-CH-1051,HON Executive Chair,Furniture,Chairs
OFF-LA-1052,Avery Labels,Office Supplies,Labels
OFF-LA-1053,Hon Label Maker Tape,Office Supplies,Labels
OFF-ST-1054,Iris File Box,Office Supplies,Storage
OFF-PA-1055,Xerox Paper Ream,Office Supplies,Paper
OFF-PA-1056,HP Paper Ream,Office Supplies,Paper
OFF-PA-1057,Xerox Paper Ream,Office Supplies,Paper
FUR-FU-1058,Advantus Task Lamp,Furniture,Furnishings
FUR-FU-1059,Eldon Desk Lamp,Furniture,Furnishings
OFF-ST-1060,Iris File Box,Office Supplies,Storage
OFF-ST-1061,Iris File Box,Office Supplies,Storage
OFF-AR-1062,Newell Highlighters,Office Supplies,Art
FUR-FU-1063,Advantus Task Lamp,Furniture,Furnishings
OFF-AR-1064,Sharpie Markers,Office Supplies,Art
TEC-PH-1065,Cisco IP Phone,Technology,Phones
TEC-CO-1066,Canon Copier,Technology,Copiers
OFF-LA-1067,Avery Labels,Office Supplies,Labels
OFF-PA-1068,Boise Paper,Office Supplies,Paper
FUR-TA-1069,Bush Somerset Table,Furniture,Tables
OFF-LA-1070,Hon Label Maker Tape,Office Supplies,Labels
TEC-AC-1071,Kensington Keyboard,Technology,Accessories
TEC-MA-1072,Lexmark Printer,Technology,Machines
OFF-ST-1073,SimpleHouseware Bin,Office Supplies,Storage
OFF-PA-1074,Xerox Paper Ream,Office Supplies,Paper
OFF-BI-1075,Avery Binder,Office Supplies,Binders
TEC-PH-1076,Samsung Galaxy,Technology,Phones
TEC-PH-1077,Samsung Galaxy,Technology,Phones
OFF-ST-1078,Iris File Box,Office Supplies,Storage
TEC-PH-1079,Apple iPhone,Technology,Phones
FUR-BO-1080,Sauder Bookcase,Furniture,Bookcases
FUR-BO-1081,Sauder Bookcase,Furniture,Bookcases
TEC-CO-1082,Hewlett Packard Copier,Technology,Copiers
OFF-AR-1083,Newell Highlighters,Office Supplies,Art
OFF-LA-1084,Hon Label Maker Tape,Office Supplies,Labels
TEC-MA-1085,Lexmark Printer,Technology,Machines
TEC-AC-1086,Kensington Keyboard,Technology,Accessories
TEC-MA-1087,Lexmark Printer,Technology,Machines
OFF-ST-1088,SimpleHouseware Bin,Office Supplies,Storage
FUR-TA-1089,Bush Somerset Table,Furniture,Tables
FUR-CH-1090,Global Task Chair,Furniture,Chairs
OFF-AR-1091,Newell Highlighters,Office Supplies,Art
OFF-LA-1092,Avery Labels,Office Supplies,Labels
OFF-PA-1093,HP Paper Ream,Office Supplies,Paper
OFF-ST-1094,Iris File Box,Office Supplies,Storage
TEC-CO-1095,Hewlett Packard Copier,Technology,Copiers
OFF-BI-1096,GBC Binding System,Office Supplies,Binders
FUR-BO-1097,Bush Cubix Bookcase,Furniture,Bookcases
OFF-ST-1098,Fellowes Storage Box,Office Supplies,Storage
TEC-AC-1099,Logitech Mouse,Technology,Accessories
TEC-CO-1100,Hewlett Packard Copier,Technology,Copiers
FUR-FU-1101,Eldon Desk Lamp,Furniture,Furnishings
OFF-BI-1102,Wilson Jones Binder,Office Supplies,Binders
OFF-BI-1103,GBC Binding System,Office Supplies,Binders
FUR-BO-1104,Bush Cubix Bookcase,Furniture,Bookcases
FUR-FU-1105,Advantus Task Lamp,Furniture,Furnishings
OFF-PA-1106,Boise Paper,Office Supplies,Paper
OFF-BI-1107,GBC Binding System,Office Supplies,Binders
OFF-PA-1108,Xerox Paper Ream,Office Supplies,Paper
FUR-TA-1109,Bush Somerset Table,Furniture,Tables
OFF-BI-1110,Avery Binder,Office Supplies,Binders
OFF-PA-1111,Xerox Paper Ream,Office Supplies,Paper
FUR-BO-1112,Sauder Bookcase,Furniture,Bookcases
FUR-FU-1113,Eldon Desk Lamp,Furniture,Furnishings
OFF-ST-1114,Fellowes Storage Box,Office Supplies,Storage
TEC-PH-1115,Apple iPhone,Technology,Phones
OFF-PA-1116,Xerox Paper Ream,Office Supplies,Paper
FUR-CH-1117,Global Task Chair,Furniture,Chairs
TEC-CO-1118,Canon Copier,Technology,Copiers
FUR-BO-1119,O'Sullivan Bookcase,Furniture,Bookcases
TEC-PH-1120,Cisco IP Phone,Technology,Phones
OFF-ST-1121,Fellowes Storage Box,Office Supplies,Storage
TEC-PH-1122,Samsung Galaxy,Technology,Phones
TEC-PH-1123,Apple iPhone,Technology,Phones
FUR-TA-1124,Chromcraft Round Table,Furniture,Tables
FUR-BO-1125,Bush Cubix Bookcase,Furniture,Bookcases
TEC-AC-1126,SanDisk Flash Drive,Technology,Accessories
OFF-BI-1127,GBC Binding System,Office Supplies,Binders
FUR-FU-1128,Advantus Task Lamp,Furniture,Furnishings
FUR-CH-1129,HON Executive Chair,Furniture,Chairs
TEC-CO-1130,Hewlett Packard Copier,Technology,Copiers
OFF-ST-1131,Iris File Box,Office Supplies,Storage
OFF-LA-1132,Avery Labels,Office Supplies,Labels
OFF-LA-1133,Hon Label Maker Tape,Office Supplies,Labels
FUR-TA-1134,Chromcraft Round Table,Furniture,Tables
TEC-MA-1135,Lexmark Printer,Technology,Machines
OFF-ST-1136,Iris File Box,Office Supplies,Storage
OFF-ST-1137,Fellowes Storage Box,Office Supplies,Storage
FUR-TA-1138,Chromcraft Round Table,Furniture,Tables
OFF-AR-1139,Bic Pens,Office Supplies,Art
OFF-PA-1140,HP Paper Ream,Office Supplies,Paper
OFF-BI-1141,Avery Binder,Office Supplies,Binders
OFF-PA-1142,Xerox Paper Ream,Office Supplies,Paper
OFF-PA-1143,HP Paper Ream,Office Supplies,Paper
OFF-LA-1144,Avery Labels,Office Supplies,Labels
OFF-AR-1145,Newell Highlighters,Office Supplies,Art
OFF-LA-1146,Hon Label Maker Tape,Office Supplies,Labels
FUR-CH-1147,Hbada Office Chair,Furniture,Chairs
OFF-BI-1148,Avery Binder,Office Supplies,Binders
OFF-PA-1149,HP Paper Ream,Office Supplies,Paper
OFF-LA-1150,Avery Labels,Office Supplies,Labels
OFF-BI-1151,Wilson Jones Binder,Office Supplies,Binders
TEC-MA-1152,Cubify 3D Printer,Technology,Machines
FUR-BO-1153,O'Sullivan Bookcase,Furniture,Bookcases
OFF-BI-1154,GBC Binding System,Office Supplies,Binders
OFF-LA-1155,Hon Label Maker Tape,Office Supplies,Labels
TEC-MA-1156,Zebra Label Printer,Technology,Machines
OFF-ST-1157,SimpleHouseware Bin,Office Supplies,Storage
TEC-CO-1158,Canon Copier,Technology,Copiers
TEC-PH-1159,Apple iPhone,Technology,Phones
OFF-AR-1160,Bic Pens,Office Supplies,Art
OFF-LA-1161,Hon Label Maker Tape,Office Supplies,Labels
TEC-CO-1162,Canon Copier,Technology,Copiers
TEC-MA-1163,Cubify 3D Printer,Technology,Machines
TEC-AC-1164,SanDisk Flash Drive,Technology,Accessories
FUR-FU-1165,Advantus Task Lamp,Furniture,Furnishings
FUR-FU-1166,Tenex Chairmat,Furniture,Furnishings
TEC-AC-1167,SanDisk Flash Drive,Technology,Accessories
OFF-PA-1168,Xerox Paper Ream,Office Supplies,Paper
FUR-BO-1169,Bush Cubix Bookcase,Furniture,Bookcases
TEC-AC-1170,Logitech Mouse,Technology,Accessories
OFF-AR-1171,Bic Pens,Office Supplies,Art
OFF-AR-1172,Sharpie Markers,Office Supplies,Art
OFF-AR-1173,Newell Highlighters,Office Supplies,Art
FUR-CH-1174,Hbada Office Chair,Furniture,Chairs
OFF-ST-1175,Fellowes Storage Box,Office Supplies,Storage
OFF-ST-1176,SimpleHouseware Bin,Office Supplies,Storage
FUR-BO-1177,Bush Cubix Bookcase,Furniture,Bookcases
OFF-BI-1178,Avery Binder,Office Supplies,Binders
TEC-CO-1179,Canon Copier,Technology,Copiers
OFF-LA-1180,Avery Labels,Office Supplies,Labels
TEC-MA-1181,Cubify 3D Printer,Technology,Machines
OFF-ST-1182,SimpleHouseware Bin,Office Supplies,Storage
OFF-ST-1183,Fellowes Storage Box,Office Supplies,Storage
FUR-BO-1184,O'Sullivan Bookcase,Furniture,Bookcases
TEC-PH-1185,Samsung Galaxy,Technology,Phones
TEC-AC-1186,Logitech Mouse,Technology,Accessories
OFF-BI-1187,GBC Binding System,Office Supplies,Binders
FUR-TA-1188,Bush Somerset Table,Furniture,Tables
TEC-PH-1189,Samsung Galaxy,Technology,Phones
TEC-CO-1190,Canon Copier,Technology,Copiers
OFF-ST-1191,SimpleHouseware Bin,Office Supplies,Storage
TEC-MA-1192,Zebra Label Printer,Technology,Machines
TEC-PH-1193,Samsung Galaxy,Technology,Phones
FUR-FU-1194,Tenex Chairmat,Furniture,Furnishings
TEC-MA-1195,Lexmark Printer,Technology,Machines
FUR-CH-1196,Global Task Chair,Furniture,Chairs
OFF-ST-1197,SimpleHouseware Bin,Office Supplies,Storage
OFF-ST-1198,Iris File Box,Office Supplies,Storage
FUR-CH-1199,Global Task Chair,Furniture,Chairs
TEC-AC-1200,SanDisk Flash Drive,Technology,Accessories
OFF-BI-1201,Avery Binder,Office Supplies,Binders
OFF-LA-1202,Hon Label Maker Tape,Office Supplies,Labels
TEC-AC-1203,Logitech Mouse,Technology,Accessories
FUR-CH-1204,HON Executive Chair,Furniture,Chairs
OFF-PA-1205,HP Paper Ream,Office Supplies,Paper
OFF-BI-1206,GBC Binding System,Office Supplies,Binders
OFF-AR-1207,Sharpie Markers,Office Supplies,Art
TEC-PH-1208,Samsung Galaxy,Technology,Phones
OFF-BI-1209,GBC Binding System,Office Supplies,Binders
TEC-CO-1210,Canon Copier,Technology,Copiers
TEC-MA-1211,Lexmark Printer,Technology,Machines
FUR-TA-1212,Bush Somerset Table,Furniture,Tables
OFF-BI-1213,GBC Binding System,Office Supplies,Binders
OFF-PA-1214,Xerox Paper Ream,Office Supplies,Paper
OFF-LA-1215,Hon Label Maker Tape,Office Supplies,Labels
OFF-LA-1216,Avery Labels,Office Supplies,Labels
FUR-FU-1217,Tenex Chairmat,Furniture,Furnishings
OFF-PA-1218,HP Paper Ream,Office Supplies,Paper
TEC-MA-1219,Lexmark Printer,Technology,Machines
FUR-CH-1220,HON Executive Chair,Furniture,Chairs
FUR-TA-1221,Bush Somerset Table,Furniture,Tables
FUR-CH-1222,HON Executive Chair,Furniture,Chairs
OFF-PA-1223,Boise Paper,Office Supplies,Paper
OFF-BI-1224,Wilson Jones Binder,Office Supplies,Binders
TEC-AC-1225,SanDisk Flash Drive,Technology,Accessories
FUR-TA-1226,Bretford Conference Table,Furniture,Tables
TEC-PH-1227,Cisco IP Phone,Technology,Phones
FUR-CH-1228,Global Task Chair,Furniture,Chairs
OFF-ST-1229,Fellowes Storage Box,Office Supplies,Storage
FUR-CH-1230,Hbada Office Chair,Furniture,Chairs
OFF-BI-1231,Wilson Jones Binder,Office Supplies,Binders
OFF-ST-1232,Fellowes Storage Box,Office Supplies,Storage
FUR-BO-1233,O'Sullivan Bookcase,Furniture,Bookcases
FUR-BO-1234,O'Sullivan Bookcase,Furniture,Bookcases
TEC-AC-1235,Kensington Keyboard,Technology,Accessories
OFF-PA-1236,Xerox Paper Ream,Office Supplies,Paper
TEC-PH-1237,Apple iPhone,Technology,Phones
TEC-PH-1238,Apple iPhone,Technology,Phones
OFF-BI-1239,Avery Binder,Office Supplies,Binders
TEC-CO-1240,Canon Copier,Technology,Copiers
OFF-LA-1241,Avery Labels,Office Supplies,Labels
FUR-BO-1242,O'Sullivan Bookcase,Furniture,Bookcases
TEC-CO-1243,Hewlett Packard Copier,Technology,Copiers
TEC-MA-1244,Cubify 3D Printer,Technology,Machines
OFF-ST-1245,Iris File Box,Office Supplies,Storage
FUR-TA-1246,Bretford Conference Table,Furniture,Tables
TEC-AC-1247,Kensington Keyboard,Technology,Accessories
FUR-CH-1248,Hbada Office Chair,Furniture,Chairs
TEC-MA-1249,Lexmark Printer,Technology,Machines
TEC-PH-1250,Cisco IP Phone,Technology,Phones
TEC-AC-1251,Kensington Keyboard,Technology,Accessories
OFF-ST-1252,Iris File Box,Office Supplies,Storage
FUR-BO-1253,Bush Cubix Bookcase,Furniture,Bookcases
OFF-LA-1254,Hon Label Maker Tape,Office Supplies,Labels
FUR-CH-1255,Hbada Office Chair,Furniture,Chairs
FUR-FU-1256,Tenex Chairmat,Furniture,Furnishings
FUR-TA-1257,Bretford Conference Table,Furniture,Tables
OFF-AR-1258,Bic Pens,Office Supplies,Art
OFF-LA-1259,Avery Labels,Office Supplies,Labels
FUR-BO-1260,Bush Cubix Bookcase,Furniture,Bookcases
OFF-LA-1261,Hon Label Maker Tape,Office Supplies,Labels
OFF-ST-1262,SimpleHouseware Bin,Office Supplies,Storage
TEC-MA-1263,Lexmark Printer,Technology,Machines
TEC-CO-1264,Canon Copier,Technology,Copiers
OFF-PA-1265,Boise Paper,Office Supplies,Paper
FUR-CH-1266,Global Task Chair,Furniture,Chairs
TEC-CO-1267,Hewlett Packard Copier,Technology,Copiers
TEC-MA-1268,Zebra Label Printer,Technology,Machines
OFF-PA-1269,HP Paper Ream,Office Supplies,Paper
OFF-PA-1270,Xerox Paper Ream,Office Supplies,Paper
FUR-FU-1271,Eldon Desk Lamp,Furniture,Furnishings
OFF-LA-1272,Avery Labels,Office Supplies,Labels
OFF-LA-1273,Hon Label Maker Tape,Office Supplies,Labels
OFF-BI-1274,Wilson Jones Binder,Office Supplies,Binders
FUR-FU-1275,Tenex Chairmat,Furniture,Furnishings
FUR-FU-1276,Eldon Desk Lamp,Furniture,Furnishings
FUR-CH-1277,Global Task Chair,Furniture,Chairs
TEC-MA-1278,Zebra Label Printer,Technology,Machines
TEC-PH-1279,Samsung Galaxy,Technology,Phones
OFF-BI-1280,Avery Binder,Office Supplies,Binders
TEC-CO-1281,Canon Copier,Technology,Copiers
FUR-BO-1282,Sauder Bookcase,Furniture,Bookcases
TEC-MA-1283,Lexmark Printer,Technology,Machines
TEC-AC-1284,Kensington Keyboard,Technology,Accessories
FUR-TA-1285,Bush Somerset Table,Furniture,Tables
OFF-PA-1286,Xerox Paper Ream,Office Supplies,Paper
OFF-AR-1287,Newell Highlighters,Office Supplies,Art
OFF-AR-1288,Sharpie Markers,Office Supplies,Art
FUR-BO-1289,Bush Cubix Bookcase,Furniture,Bookcases
OFF-LA-1290,Hon Label Maker Tape,Office Supplies,Labels
OFF-ST-1291,SimpleHouseware Bin,Office Supplies,Storage
OFF-AR-1292,Newell Highlighters,Office Supplies,Art
FUR-BO-1293,Sauder Bookcase,Furniture,Bookcases
FUR-BO-1294,Sauder Bookcase,Furniture,Bookcases
OFF-PA-1295,HP Paper Ream,Office Supplies,Paper
FUR-FU-1296,Tenex Chairmat,Furniture,Furnishings
OFF-BI-1297,Avery Binder,Office Supplies,Binders
OFF-BI-1298,Avery Binder,Office Supplies,Binders
OFF-LA-1299,Hon Label Maker Tape,Office Supplies,Labels
FUR-FU-1300,Tenex Chairmat,Furniture,Furnishings
FUR-FU-1301,Tenex Chairmat,Furniture,Furnishings
TEC-CO-1302,Hewlett Packard Copier,Technology,Copiers
OFF-BI-1303,Avery Binder,Office Supplies,Binders
TEC-AC-1304,Logitech Mouse,Technology,Accessories
FUR-TA-1305,Bretford Conference Table,Furniture,Tables
FUR-TA-1306,Bush Somerset Table,Furniture,Tables
OFF-AR-1307,Bic Pens,Office Supplies,Art
OFF-PA-1308,Boise Paper,Office Supplies,Paper
OFF-ST-1309,SimpleHouseware Bin,Office Supplies,Storage
OFF-PA-1310,Xerox Paper Ream,Office Supplies,Paper
TEC-CO-1311,Canon Copier,Technology,Copiers
FUR-FU-1312,Advantus Task Lamp,Furniture,Furnishings
OFF-PA-1313,Boise Paper,Office Supplies,Paper
OFF-AR-1314,Newell Highlighters,Office Supplies,Art
OFF-AR-1315,Sharpie Markers,Office Supplies,Art
OFF-PA-1316,Boise Paper,Office Supplies,Paper
FUR-BO-1317,Sauder Bookcase,Furniture,Bookcases
OFF-AR-1318,Bic Pens,Office Supplies,Art
OFF-AR-1319,Bic Pens,Office Supplies,Art
OFF-PA-1320,Xerox Paper Ream,Office Supplies,Paper
FUR-FU-1321,Advantus Task Lamp,Furniture,Furnishings
FUR-CH-1322,HON Executive Chair,Furniture,Chairs
FUR-BO-1323,Sauder Bookcase,Furniture,Bookcases
OFF-LA-1324,Hon Label Maker Tape,Office Supplies,Labels
FUR-BO-1325,O'Sullivan Bookcase,Furniture,Bookcases
OFF-LA-1326,Hon Label Maker Tape,Office Supplies,Labels
TEC-PH-1327,Apple iPhone,Technology,Phones
OFF-AR-1328,Newell Highlighters,Office Supplies,Art
TEC-AC-1329,SanDisk Flash Drive,Technology,Accessories
OFF-AR-1330,Sharpie Markers,Office Supplies,Art
TEC-CO-1331,Canon Copier,Technology,Copiers
FUR-CH-1332,Global Task Chair,Furniture,Chairs
TEC-MA-1333,Lexmark Printer,Technology,Machines
OFF-LA-1334,Avery Labels,Office Supplies,Labels
OFF-PA-1335,Xerox Paper Ream,Office Supplies,Paper
TEC-PH-1336,Samsung Galaxy,Technology,Phones
OFF-LA-1337,Avery Labels,Office Supplies,Labels
OFF-BI-1338,Avery Binder,Office Supplies,Binders
OFF-ST-1339,Fellowes Storage Box,Office Supplies,Storage
TEC-MA-1340,Zebra Label Printer,Technology,Machines
OFF-LA-1341,Hon Label Maker Tape,Office Supplies,Labels
OFF-BI-1342,Wilson Jones Binder,Office Supplies,Binders
TEC-PH-1343,Samsung Galaxy,Technology,Phones
OFF-PA-1344,Xerox Paper Ream,Office Supplies,Paper
TEC-AC-1345,Logitech Mouse,Technology,Accessories
OFF-ST-1346,SimpleHouseware Bin,Office Supplies,Storage
OFF-PA-1347,Xerox Paper Ream,Office Supplies,Paper
OFF-ST-1348,SimpleHouseware Bin,Office Supplies,Storage
FUR-TA-1349,Chromcraft Round Table,Furniture,Tables
FUR-FU-1350,Eldon Desk Lamp,Furniture,Furnishings
OFF-LA-1351,Avery Labels,Office Supplies,Labels
FUR-TA-1352,Chromcraft Round Table,Furniture,Tables
TEC-CO-1353,Canon Copier,Technology,Copiers
TEC-CO-1354,Hewlett Packard Copier,Technology,Copiers
FUR-CH-1355,HON Executive Chair,Furniture,Chairs
TEC-AC-1356,Logitech Mouse,Technology,Accessories
TEC-CO-1357,Canon Copier,Technology,Copiers
TEC-CO-1358,Canon Copier,Technology,Copiers
OFF-ST-1359,Iris File Box,Office Supplies,Storage
OFF-LA-1360,Hon Label Maker Tape,Office Supplies,Labels
TEC-PH-1361,Samsung Galaxy,Technology,Phones
OFF-ST-1362,SimpleHouseware Bin,Office Supplies,Storage
TEC-MA-1363,Cubify 3D Printer,Technology,Machines
TEC-AC-1364,Kensington Keyboard,Technology,Accessories
TEC-PH-1365,Cisco IP Phone,Technology,Phones
OFF-PA-1366,Boise Paper,Office Supplies,Paper
OFF-ST-1367,Iris File Box,Office Supplies,Storage
TEC-MA-1368,Lexmark Printer,Technology,Machines
TEC-PH-1369,Apple iPhone,Technology,Phones
OFF-PA-1370,Xerox Paper Ream,Office Supplies,Paper
OFF-AR-1371,Bic Pens,Office Supplies,Art
OFF-LA-1372,Avery Labels,Office Supplies,Labels
OFF-ST-1373,Fellowes Storage Box,Office Supplies,Storage
OFF-BI-1374,GBC Binding System,Office Supplies,Binders
OFF-BI-1375,Avery Binder,Office Supplies,Binders
OFF-LA-1376,Hon Label Maker Tape,Office Supplies,Labels
TEC-PH-1377,Apple iPhone,Technology,Phones
TEC-PH-1378,Apple iPhone,Technology,Phones
OFF-PA-1379,Boise Paper,Office Supplies,Paper
OFF-LA-1380,Avery Labels,Office Supplies,Labels
OFF-AR-1381,Newell Highlighters,Office Supplies,Art
FUR-TA-1382,Bush Somerset Table,Furniture,Tables
FUR-CH-1383,Global Task Chair,Furniture,Chairs
OFF-BI-1384,Wilson Jones Binder,Office Supplies,Binders
OFF-AR-1385,Sharpie Markers,Office Supplies,Art
TEC-AC-1386,SanDisk Flash Drive,Technology,Accessories
TEC-CO-1387,Hewlett Packard Copier,Technology,Copiers
TEC-PH-1388,Apple iPhone,Technology,Phones
FUR-TA-1389,Bretford Conference Table,Furniture,Tables
TEC-MA-1390,Cubify 3D Printer,Technology,Machines
FUR-CH-1391,Global Task Chair,Furniture,Chairs
TEC-CO-1392,Canon Copier,Technology,Copiers
FUR-FU-1393,Tenex Chairmat,Furniture,Furnishings
OFF-PA-1394,Xerox Paper Ream,Office Supplies,Paper
OFF-AR-1395,Newell Highlighters,Office Supplies,Art
OFF-AR-1396,Bic Pens,Office Supplies,Art
OFF-PA-1397,Xerox Paper Ream,Office Supplies,Paper
OFF-AR-1398,Newell Highlighters,Office Supplies,Art
OFF-ST-1399,Fellowes Storage Box,Office Supplies,Storage
OFF-AR-1000,Newell Highlighters,Office Supplies,Art
OFF-PA-1001,Boise Paper,Office Supplies,Paper
FUR-CH-1002,Hbada Office Chair,Furniture,Chairs
OFF-ST-1003,Iris File Box,Office Supplies,Storage
OFF-BI-1004,GBC Binding System,Office Supplies,Binders
TEC-CO-1005,Canon Copier,Technology,Copiers
OFF-PA-1006,Boise Paper,Office Supplies,Paper
TEC-AC-1007,Kensington Keyboard,Technology,Accessories
FUR-FU-1009,Eldon Desk Lamp,Furniture,Furnishings
FUR-TA-1010,Chromcraft Round Table,Furniture,Tables
FUR-BO-1011,Sauder Bookcase,Furniture,Bookcases
TEC-MA-1012,Cubify 3D Printer,Technology,Machines
OFF-PA-1013,HP Paper Ream,Office Supplies,Paper
FUR-CH-1014,HON Executive Chair,Furniture,Chairs
OFF-BI-1015,Wilson Jones Binder,Office Supplies,Binders
OFF-PA-1016,Xerox Paper Ream,Office Supplies,Paper
FUR-BO-1017,O'Sullivan Bookcase,Furniture,Bookcases
FUR-TA-1018,Bretford Conference Table,Furniture,Tables
OFF-BI-1019,Avery Binder,Office Supplies,Binders
TEC-MA-1020,Lexmark Printer,Technology,Machines
OFF-PA-1021,Xerox Paper Ream,Office Supplies,Paper
TEC-MA-1022,Lexmark Printer,Technology,Machines
TEC-AC-1023,Logitech Mouse,Technology,Accessories
TEC-MA-1024,Cubify 3D Printer,Technology,Machines
TEC-AC-1025,SanDisk Flash Drive,Technology,Accessories
OFF-AR-1026,Newell Highlighters,Office Supplies,Art
OFF-LA-1027,Avery Labels,Office Supplies,Labels
OFF-PA-1028,Xerox Paper Ream,Office Supplies,Paper
TEC-MA-1029,Lexmark Printer,Technology,Machines
OFF-AR-1030,Bic Pens,Office Supplies,Art
TEC-CO-1031,Canon Copier,Technology,Copiers
OFF-AR-1033,Newell Highlighters,Office Supplies,Art
OFF-ST-1034,Iris File Box,Office Supplies,Storage
OFF-BI-1035,Avery Binder,Office Supplies,Binders
OFF-BI-1036,GBC Binding System,Office Supplies,Binders
OFF-ST-1037,SimpleHouseware Bin,Office Supplies,Storage
TEC-CO-1038,Hewlett Packard Copier,Technology,Copiers
OFF-LA-1039,Hon Label Maker Tape,Office Supplies,Labels
OFF-BI-1040,Avery Binder,Office Supplies,Binders
OFF-PA-1041,Xerox Paper Ream,Office Supplies,Paper
FUR-BO-1042,O'Sullivan Bookcase,Furniture,Bookcases
TEC-MA-1043,Lexmark Printer,Technology,Machines
OFF-ST-1044,SimpleHouseware Bin,Office Supplies,Storage
FUR-BO-1045,Bush Cubix Bookcase,Furniture,Bookcases
OFF-BI-1046,GBC Binding System,Office Supplies,Binders
OFF-ST-1047,SimpleHouseware Bin,Office Supplies,Storage
FUR-BO-1048,Bush Cubix Bookcase,Furniture,Bookcases
TEC-PH-1049,Cisco IP Phone,Technology,Phones
OFF-BI-1050,GBC Binding System,Office Supplies,Binders
TEC-AC-1051,Logitech Mouse,Technology,Accessories
TEC-AC-1052,Logitech Mouse,Technology,Accessories
TEC-MA-1053,Lexmark Printer,Technology,Machines
TEC-CO-1054,Hewlett Packard Copier,Technology,Copiers
OFF-BI-1055,GBC Binding System,Office Supplies,Binders
TEC-CO-1056,Hewlett Packard Copier,Technology,Copiers
TEC-AC-1057,Kensington Keyboard,Technology,Accessories
FUR-TA-1058,Chromcraft Round Table,Furniture,Tables
OFF-BI-1059,Avery Binder,Office Supplies,Binders
OFF-PA-1060,Xerox Paper Ream,Office Supplies,Paper
OFF-AR-1061,Newell Highlighters,Office Supplies,Art
TEC-CO-1062,Hewlett Packard Copier,Technology,Copiers
OFF-BI-1063,GBC Binding System,Office Supplies,Binders
OFF-BI-1064,Avery Binder,Office Supplies,Binders
OFF-BI-1065,Avery Binder,Office Supplies,Binders
OFF-LA-1066,Avery Labels,Office Supplies,Labels
OFF-ST-1067,SimpleHouseware Bin,Office Supplies,Storage
OFF-ST-1068,Iris File Box,Office Supplies,Storage
FUR-FU-1069,Advantus Task Lamp,Furniture,Furnishings
FUR-TA-1070,Bush Somerset Table,Furniture,Tables
TEC-AC-1072,Logitech Mouse,Technology,Accessories
FUR-FU-1073,Advantus Task Lamp,Furniture,Furnishings
OFF-AR-1074,Sharpie Markers,Office Supplies,Art
TEC-MA-1075,Lexmark Printer,Technology,Machines
OFF-AR-1076,Sharpie Markers,Office Supplies,Art
OFF-BI-1077,GBC Binding System,Office Supplies,Binders
OFF-PA-1078,Boise Paper,Office Supplies,Paper
OFF-AR-1079,Newell Highlighters,Office Supplies,Art
TEC-MA-1080,Zebra Label Printer,Technology,Machines
FUR-FU-1081,Advantus Task Lamp,Furniture,Furnishings
TEC-AC-1082,SanDisk Flash Drive,Technology,Accessories
OFF-LA-1083,Hon Label Maker Tape,Office Supplies,Labels
OFF-PA-1084,HP Paper Ream,Office Supplies,Paper
FUR-BO-1085,Sauder Bookcase,Furniture,Bookcases
OFF-BI-1086,GBC Binding System,Office Supplies,Binders
TEC-AC-1087,SanDisk Flash Drive,Technology,Accessories
FUR-TA-1088,Bush Somerset Table,Furniture,Tables
OFF-BI-1089,GBC Binding System,Office Supplies,Binders
FUR-BO-1090,Bush Cubix Bookcase,Furniture,Bookcases
OFF-LA-1091,Avery Labels,Office Supplies,Labels
OFF-BI-1092,Wilson Jones Binder,Office Supplies,Binders
TEC-CO-1093,Hewlett Packard Copier,Technology,Copiers
TEC-CO-1094,Canon Copier,Technology,Copiers
OFF-ST-1095,Iris File Box,Office Supplies,Storage
OFF-BI-1097,GBC Binding System,Office Supplies,Binders
OFF-BI-1098,Wilson Jones Binder,Office Supplies,Binders
TEC-PH-1099,Samsung Galaxy,Technology,Phones
OFF-AR-1100,Bic Pens,Office Supplies,Art
OFF-ST-1101,Fellowes Storage Box,Office Supplies,Storage
OFF-ST-1102,SimpleHouseware Bin,Office Supplies,Storage
OFF-AR-1103,Newell Highlighters,Office Supplies,Art
OFF-PA-1104,HP Paper Ream,Office Supplies,Paper
FUR-TA-1105,Bretford Conference Table,Furniture,Tables
OFF-BI-1106,Wilson Jones Binder,Office Supplies,Binders
OFF-AR-1107,Sharpie Markers,Office Supplies,Art
FUR-CH-1108,Global Task Chair,Furniture,Chairs
OFF-AR-1109,Newell Highlighters,Office Supplies,Art
TEC-AC-1110,Logitech Mouse,Technology,Accessories
OFF-ST-1111,Iris File Box,Office Supplies,Storage
TEC-PH-1112,Apple iPhone,Technology,Phones
OFF-PA-1113,Xerox Paper Ream,Office Supplies,Paper
OFF-AR-1115,Sharpie Markers,Office Supplies,Art
OFF-BI-1116,Wilson Jones Binder,Office Supplies,Binders
OFF-ST-1117,Iris File Box,Office Supplies,Storage
OFF-AR-1118,Bic Pens,Office Supplies,Art
OFF-LA-1119,Avery Labels,Office Supplies,Labels
TEC-MA-1120,Cubify 3D Printer,Technology,Machines
TEC-AC-1121,Logitech Mouse,Technology,Accessories
FUR-FU-1122,Eldon Desk Lamp,Furniture,Furnishings
OFF-AR-1123,Newell Highlighters,Office Supplies,Art
OFF-PA-1124,Xerox Paper Ream,Office Supplies,Paper
FUR-CH-1125,HON Executive Chair,Furniture,Chairs
FUR-CH-1126,Hbada Office Chair,Furniture,Chairs
OFF-PA-1127,HP Paper Ream,Office Supplies,Paper
OFF-ST-1128,Iris File Box,Office Supplies,Storage
FUR-BO-1129,Bush Cubix Bookcase,Furniture,Bookcases
TEC-PH-1130,Cisco IP Phone,Technology,Phones
TEC-CO-1131,Canon Copier,Technology,Copiers
TEC-PH-1132,Apple iPhone,Technology,Phones
OFF-AR-1133,Newell Highlighters,Office Supplies,Art
TEC-PH-1134,Cisco IP Phone,Technology,Phones
OFF-ST-1135,SimpleHouseware Bin,Office Supplies,Storage
OFF-AR-1136,Bic Pens,Office Supplies,Art
OFF-PA-1137,HP Paper Ream,Office Supplies,Paper
OFF-LA-1138,Hon Label Maker Tape,Office Supplies,Labels
TEC-MA-1139,Zebra Label Printer,Technology,Machines
OFF-BI-1140,Wilson Jones Binder,Office Supplies,Binders
TEC-AC-1141,Kensington Keyboard,Technology,Accessories
OFF-AR-1142,Newell Highlighters,Office Supplies,Art
OFF-LA-1143,Hon Label Maker Tape,Office Supplies,Labels
TEC-PH-1144,Cisco IP Phone,Technology,Phones
TEC-MA-1145,Lexmark Printer,Technology,Machines
OFF-PA-1146,Xerox Paper Ream,Office Supplies,Paper
OFF-AR-1147,Newell Highlighters,Office Supplies,Art
FUR-BO-1148,Sauder Bookcase,Furniture,Bookcases
FUR-TA-1149,Bretford Conference Table,Furniture,Tables
OFF-BI-1150,Avery Binder,Office Supplies,Binders
FUR-BO-1151,Sauder Bookcase,Furniture,Bookcases
OFF-ST-1152,Fellowes Storage Box,Office Supplies,Storage
OFF-BI-1155,GBC Binding System,Office Supplies,Binders
FUR-TA-1156,Chromcraft Round Table,Furniture,Tables
OFF-LA-1157,Avery Labels,Office Supplies,Labels
FUR-CH-1158,Hbada Office Chair,Furniture,Chairs
OFF-LA-1159,Hon Label Maker Tape,Office Supplies,Labels
OFF-LA-1160,Hon Label Maker Tape,Office Supplies,Labels
TEC-MA-1161,Cubify 3D Printer,Technology,Machines
OFF-ST-1162,Iris File Box,Office Supplies,Storage
OFF-PA-1163,Boise Paper,Office Supplies,Paper
OFF-ST-1164,SimpleHouseware Bin,Office Supplies,Storage
OFF-LA-1165,Avery Labels,Office Supplies,Labels
OFF-AR-1166,Newell Highlighters,Office Supplies,Art
TEC-PH-1167,Cisco IP Phone,Technology,Phones
TEC-CO-1168,Hewlett Packard Copier,Technology,Copiers
TEC-CO-1169,Canon Copier,Technology,Copiers
OFF-BI-1170,Avery Binder,Office Supplies,Binders
TEC-AC-1171,SanDisk Flash Drive,Technology,Accessories
OFF-ST-1172,Iris File Box,Office Supplies,Storage
OFF-BI-1173,Avery Binder,Office Supplies,Binders
TEC-PH-1174,Cisco IP Phone,Technology,Phones
FUR-FU-1175,Eldon Desk Lamp,Furniture,Furnishings
TEC-CO-1176,Hewlett Packard Copier,Technology,Copiers
TEC-PH-1177,Samsung Galaxy,Technology,Phones
OFF-LA-1178,Avery Labels,Office Supplies,Labels
TEC-PH-1179,Samsung Galaxy,Technology,Phones
TEC-PH-1180,Apple iPhone,Technology,Phones
TEC-PH-1181,Cisco IP Phone,Technology,Phones
FUR-BO-1182,Bush Cubix Bookcase,Furniture,Bookcases
OFF-AR-1183,Sharpie Markers,Office Supplies,Art
OFF-BI-1184,Wilson Jones Binder,Office Supplies,Binders
TEC-MA-1185,Zebra Label Printer,Technology,Machines
FUR-BO-1186,Bush Cubix Bookcase,Furniture,Bookcases
OFF-LA-1187,Avery Labels,Office Supplies,Labels
TEC-CO-1188,Canon Copier,Technology,Copiers
OFF-ST-1189,SimpleHouseware Bin,Office Supplies,Storage
FUR-CH-1190,Global Task Chair,Furniture,Chairs
FUR-CH-1191,Global Task Chair,Furniture,Chairs
FUR-BO-1192,O'Sullivan Bookcase,Furniture,Bookcases
OFF-AR-1193,Bic Pens,Office Supplies,Art
OFF-ST-1194,SimpleHouseware Bin,Office Supplies,Storage
OFF-ST-1195,SimpleHouseware Bin,Office Supplies,Storage
OFF-BI-1196,GBC Binding System,Office Supplies,Binders
OFF-PA-1197,Xerox Paper Ream,Office Supplies,Paper
OFF-BI-1198,GBC Binding System,Office Supplies,Binders
FUR-BO-1199,Bush Cubix Bookcase,Furniture,Bookcases
OFF-AR-1200,Newell Highlighters,Office Supplies,Art
OFF-ST-1201,Fellowes Storage Box,Office Supplies,Storage
FUR-CH-1202,Global Task Chair,Furniture,Chairs
OFF-LA-1203,Hon Label Maker Tape,Office Supplies,Labels
OFF-AR-1204,Sharpie Markers,Office Supplies,Art
TEC-PH-1205,Apple iPhone,Technology,Phones
TEC-PH-1206,Cisco IP Phone,Technology,Phones
TEC-MA-1207,Cubify 3D Printer,Technology,Machines
FUR-BO-1208,Bush Cubix Bookcase,Furniture,Bookcases
TEC-CO-1209,Hewlett Packard Copier,Technology,Copiers
TEC-AC-1210,SanDisk Flash Drive,Technology,Accessories
TEC-AC-1211,Logitech Mouse,Technology,Accessories
OFF-BI-1212,Avery Binder,Office Supplies,Binders
FUR-BO-1213,Sauder Bookcase,Furniture,Bookcases
TEC-MA-1214,Lexmark Printer,Technology,Machines
TEC-AC-1215,SanDisk Flash Drive,Technology,Accessories
TEC-CO-1216,Hewlett Packard Copier,Technology,Copiers
OFF-AR-1217,Bic Pens,Office Supplies,Art
TEC-AC-1218,SanDisk Flash Drive,Technology,Accessories
OFF-AR-1219,Bic Pens,Office Supplies,Art
FUR-TA-1220,Chromcraft Round Table,Furniture,Tables
OFF-PA-1221,HP Paper Ream,Office Supplies,Paper
OFF-PA-1222,HP Paper Ream,Office Supplies,Paper
TEC-CO-1223,Hewlett Packard Copier,Technology,Copiers
OFF-ST-1224,SimpleHouseware Bin,Office Supplies,Storage
FUR-TA-1225,Bretford Conference Table,Furniture,Tables
OFF-BI-1227,GBC Binding System,Office Supplies,Binders
TEC-PH-1228,Apple iPhone,Technology,Phones
OFF-AR-1229,Newell Highlighters,Office Supplies,Art
OFF-ST-1230,SimpleHouseware Bin,Office Supplies,Storage
TEC-PH-1231,Cisco IP Phone,Technology,Phones
OFF-LA-1232,Hon Label Maker Tape,Office Supplies,Labels
OFF-LA-1233,Hon Label Maker Tape,Office Supplies,Labels
OFF-PA-1234,Boise Paper,Office Supplies,Paper
OFF-BI-1235,Avery Binder,Office Supplies,Binders
OFF-AR-1236,Bic Pens,Office Supplies,Art
OFF-AR-1238,Bic Pens,Office Supplies,Art
OFF-LA-1239,Avery Labels,Office Supplies,Labels
FUR-TA-1240,Chromcraft Round Table,Furniture,Tables
FUR-TA-1241,Bretford Conference Table,Furniture,Tables
TEC-CO-1242,Hewlett Packard Copier,Technology,Copiers
OFF-BI-1243,Avery Binder,Office Supplies,Binders
OFF-PA-1244,HP Paper Ream,Office Supplies,Paper
OFF-BI-1245,GBC Binding System,Office Supplies,Binders
OFF-BI-1246,Avery Binder,Office Supplies,Binders
OFF-LA-1247,Hon Label Maker Tape,Office Supplies,Labels
OFF-LA-1248,Hon Label Maker Tape,Office Supplies,Labels
FUR-BO-1249,O'Sullivan Bookcase,Furniture,Bookcases
OFF-AR-1250,Newell Highlighters,Office Supplies,Art
TEC-PH-1251,Apple iPhone,Technology,Phones
OFF-BI-1252,GBC Binding System,Office Supplies,Binders
FUR-TA-1254,Bretford Conference Table,Furniture,Tables
FUR-BO-1255,Sauder Bookcase,Furniture,Bookcases
OFF-AR-1256,Sharpie Markers,Office Supplies,Art
OFF-BI-1257,GBC Binding System,Office Supplies,Binders
OFF-LA-1258,Hon Label Maker Tape,Office Supplies,Labels
OFF-ST-1259,Fellowes Storage Box,Office Supplies,Storage
OFF-LA-1260,Hon Label Maker Tape,Office Supplies,Labels
FUR-BO-1261,Bush Cubix Bookcase,Furniture,Bookcases
FUR-FU-1263,Tenex Chairmat,Furniture,Furnishings
OFF-BI-1264,GBC Binding System,Office Supplies,Binders
OFF-ST-1266,Fellowes Storage Box,Office Supplies,Storage
TEC-PH-1267,Samsung Galaxy,Technology,Phones
TEC-CO-1268,Hewlett Packard Copier,Technology,Copiers
OFF-AR-1269,Bic Pens,Office Supplies,Art
FUR-TA-1270,Bretford Conference Table,Furniture,Tables
OFF-PA-1271,HP Paper Ream,Office Supplies,Paper
TEC-AC-1272,SanDisk Flash Drive,Technology,Accessories
FUR-FU-1273,Advantus Task Lamp,Furniture,Furnishings
OFF-PA-1274,Boise Paper,Office Supplies,Paper
OFF-AR-1275,Bic Pens,Office Supplies,Art
OFF-LA-1276,Avery Labels,Office Supplies,Labels
OFF-PA-1277,HP Paper Ream,Office Supplies,Paper
OFF-PA-1278,Boise Paper,Office Supplies,Paper
OFF-ST-1279,Iris File Box,Office Supplies,Storage
FUR-TA-1280,Bush Somerset Table,Furniture,Tables
TEC-PH-1281,Apple iPhone,Technology,Phones
TEC-AC-1282,Kensington Keyboard,Technology,Accessories
FUR-BO-1283,Bush Cubix Bookcase,Furniture,Bookcases
OFF-PA-1285,Xerox Paper Ream,Office Supplies,Paper
FUR-CH-1286,Global Task Chair,Furniture,Chairs
FUR-BO-1287,Sauder Bookcase,Furniture,Bookcases
OFF-ST-1288,Fellowes Storage Box,Office Supplies,Storage
OFF-LA-1289,Avery Labels,Office Supplies,Labels
OFF-ST-1290,Fellowes Storage Box,Office Supplies,Storage
OFF-AR-1291,Sharpie Markers,Office Supplies,Art
OFF-ST-1292,Iris File Box,Office Supplies,Storage
TEC-MA-1293,Zebra Label Printer,Technology,Machines
TEC-PH-1294,Samsung Galaxy,Technology,Phones
OFF-ST-1295,Fellowes Storage Box,Office Supplies,Storage
TEC-MA-1297,Lexmark Printer,Technology,Machines
TEC-MA-1298,Zebra Label Printer,Technology,Machines
OFF-BI-1299,GBC Binding System,Office Supplies,Binders
OFF-LA-1300,Hon Label Maker Tape,Office Supplies,Labels
TEC-PH-1301,Cisco IP Phone,Technology,Phones
OFF-ST-1302,Fellowes Storage Box,Office Supplies,Storage
OFF-LA-1303,Avery Labels,Office Supplies,Labels
TEC-CO-1304,Canon Copier,Technology,Copiers
TEC-CO-1305,Canon Copier,Technology,Copiers
OFF-PA-1306,HP Paper Ream,Office Supplies,Paper
TEC-PH-1307,Apple iPhone,Technology,Phones
FUR-FU-1308,Eldon Desk Lamp,Furniture,Furnishings
FUR-CH-1309,Global Task Chair,Furniture,Chairs
OFF-LA-1310,Avery Labels,Office Supplies,Labels
FUR-FU-1311,Advantus Task Lamp,Furniture,Furnishings
TEC-AC-1312,Kensington Keyboard,Technology,Accessories
OFF-ST-1313,Iris File Box,Office Supplies,Storage
TEC-PH-1314,Apple iPhone,Technology,Phones
FUR-FU-1315,Eldon Desk Lamp,Furniture,Furnishings
TEC-CO-1316,Canon Copier,Technology,Copiers
OFF-PA-1317,HP Paper Ream,Office Supplies,Paper
OFF-ST-1318,SimpleHouseware Bin,Office Supplies,Storage
FUR-CH-1320,Global Task Chair,Furniture,Chairs
TEC-AC-1321,Logitech Mouse,Technology,Accessories
OFF-ST-1322,Fellowes Storage Box,Office Supplies,Storage
FUR-TA-1323,Chromcraft Round Table,Furniture,Tables
OFF-ST-1324,Iris File Box,Office Supplies,Storage
TEC-MA-1325,Zebra Label Printer,Technology,Machines
OFF-PA-1326,Xerox Paper Ream,Office Supplies,Paper
OFF-ST-1327,SimpleHouseware Bin,Office Supplies,Storage
TEC-MA-1329,Zebra Label Printer,Technology,Machines
FUR-CH-1330,Hbada Office Chair,Furniture,Chairs
OFF-LA-1331,Avery Labels,Office Supplies,Labels
OFF-ST-1332,Fellowes Storage Box,Office Supplies,Storage
OFF-LA-1333,Hon Label Maker Tape,Office Supplies,Labels
TEC-PH-1334,Samsung Galaxy,Technology,Phones
FUR-CH-1335,Global Task Chair,Furniture,Chairs
FUR-TA-1336,Chromcraft Round Table,Furniture,Tables
FUR-TA-1337,Bush Somerset Table,Furniture,Tables
TEC-CO-1338,Hewlett Packard Copier,Technology,Copiers
FUR-BO-1339,Sauder Bookcase,Furniture,Bookcases
OFF-AR-1340,Newell Highlighters,Office Supplies,Art
OFF-AR-1341,Bic Pens,Office Supplies,Art
TEC-CO-1342,Hewlett Packard Copier,Technology,Copiers
OFF-LA-1343,Avery Labels,Office Supplies,Labels
OFF-BI-1344,Avery Binder,Office Supplies,Binders
OFF-AR-1345,Sharpie Markers,Office Supplies,Art
OFF-PA-1346,Xerox Paper Ream,Office Supplies,Paper
OFF-ST-1347,Iris File Box,Office Supplies,Storage
FUR-TA-1348,Bush Somerset Table,Furniture,Tables
OFF-AR-1349,Sharpie Markers,Office Supplies,Art
OFF-LA-1350,Hon Label Maker Tape,Office Supplies,Labels
TEC-PH-1352,Samsung Galaxy,Technology,Phones
TEC-AC-1353,Kensington Keyboard,Technology,Accessories
TEC-AC-1354,SanDisk Flash Drive,Technology,Accessories
TEC-AC-1355,Logitech Mouse,Technology,Accessories
OFF-PA-1356,HP Paper Ream,Office Supplies,Paper
TEC-MA-1357,Lexmark Printer,Technology,Machines
TEC-MA-1358,Lexmark Printer,Technology,Machines
TEC-AC-1359,Kensington Keyboard,Technology,Accessories
FUR-FU-1360,Advantus Task Lamp,Furniture,Furnishings
TEC-AC-1361,Kensington Keyboard,Technology,Accessories
OFF-PA-1362,Boise Paper,Office Supplies,Paper
TEC-PH-1363,Samsung Galaxy,Technology,Phones
OFF-PA-1364,Boise Paper,Office Supplies,Paper
TEC-MA-1365,Cubify 3D Printer,Technology,Machines
OFF-BI-1366,Avery Binder,Office Supplies,Binders
OFF-AR-1367,Bic Pens,Office Supplies,Art
TEC-CO-1368,Canon Copier,Technology,Copiers
TEC-CO-1369,Canon Copier,Technology,Copiers
OFF-AR-1370,Sharpie Markers,Office Supplies,Art
OFF-ST-1371,SimpleHouseware Bin,Office Supplies,Storage
OFF-ST-1372,Iris File Box,Office Supplies,Storage
OFF-AR-1373,Bic Pens,Office Supplies,Art
OFF-AR-1375,Newell Highlighters,Office Supplies,Art
OFF-BI-1376,Wilson Jones Binder,Office Supplies,Binders
OFF-AR-1377,Bic Pens,Office Supplies,Art
TEC-MA-1378,Zebra Label Printer,Technology,Machines
OFF-AR-1379,Bic Pens,Office Supplies,Art
FUR-TA-1380,Bush Somerset Table,Furniture,Tables
FUR-FU-1381,Advantus Task Lamp,Furniture,Furnishings
OFF-BI-1383,Avery Binder,Office Supplies,Binders
OFF-LA-1384,Avery Labels,Office Supplies,Labels
FUR-FU-1385,Eldon Desk Lamp,Furniture,Furnishings
TEC-CO-1386,Canon Copier,Technology,Copiers
TEC-MA-1387,Cubify 3D Printer,Technology,Machines
TEC-MA-1388,Zebra Label Printer,Technology,Machines
OFF-BI-1389,Wilson Jones Binder,Office Supplies,Binders
OFF-LA-1390,Avery Labels,Office Supplies,Labels
TEC-CO-1391,Canon Copier,Technology,Copiers
TEC-MA-1392,Lexmark Printer,Technology,Machines
OFF-PA-1393,HP Paper Ream,Office Supplies,Paper
OFF-BI-1394,Wilson Jones Binder,Office Supplies,Binders
TEC-MA-1395,Zebra Label Printer,Technology,Machines
OFF-LA-1396,Hon Label Maker Tape,Office Supplies,Labels
FUR-FU-1397,Eldon Desk Lamp,Furniture,Furnishings
FUR-TA-1398,Bush Somerset Table,Furniture,Tables
FUR-BO-1399,Bush Cubix Bookcase,Furniture,Bookcases
FUR-TA-1000,Bush Somerset Table,Furniture,Tables
OFF-ST-1002,Iris File Box,Office Supplies,Storage
FUR-TA-1003,Bush Somerset Table,Furniture,Tables
TEC-MA-1004,Cubify 3D Printer,Technology,Machines
FUR-BO-1005,Sauder Bookcase,Furniture,Bookcases
OFF-AR-1008,Newell Highlighters,Office Supplies,Art
FUR-BO-1009,Sauder Bookcase,Furniture,Bookcases
FUR-CH-1010,Global Task Chair,Furniture,Chairs
OFF-PA-1011,Xerox Paper Ream,Office Supplies,Paper
OFF-LA-1012,Hon Label Maker Tape,Office Supplies,Labels
TEC-CO-1013,Canon Copier,Technology,Copiers
TEC-CO-1014,Canon Copier,Technology,Copiers
FUR-BO-1015,O'Sullivan Bookcase,Furniture,Bookcases
TEC-PH-1016,Cisco IP Phone,Technology,Phones
OFF-LA-1017,Hon Label Maker Tape,Office Supplies,Labels
OFF-ST-1019,Iris File Box,Office Supplies,Storage
TEC-AC-1021,Kensington Keyboard,Technology,Accessories
TEC-PH-1022,Apple iPhone,Technology,Phones
OFF-BI-1024,Wilson Jones Binder,Office Supplies,Binders
OFF-PA-1025,HP Paper Ream,Office Supplies,Paper
TEC-MA-1026,Zebra Label Printer,Technology,Machines
OFF-AR-1029,Sharpie Markers,Office Supplies,Art
OFF-ST-1030,Fellowes Storage Box,Office Supplies,Storage
FUR-FU-1031,Tenex Chairmat,Furniture,Furnishings
OFF-ST-1033,Iris File Box,Office Supplies,Storage
TEC-MA-1034,Cubify 3D Printer,Technology,Machines
OFF-AR-1036,Newell Highlighters,Office Supplies,Art
FUR-CH-1037,HON Executive Chair,Furniture,Chairs
TEC-MA-1038,Cubify 3D Printer,Technology,Machines
OFF-ST-1039,Fellowes Storage Box,Office Supplies,Storage
OFF-PA-1040,Xerox Paper Ream,Office Supplies,Paper
OFF-ST-1041,SimpleHouseware Bin,Office Supplies,Storage
TEC-PH-1043,Samsung Galaxy,Technology,Phones
OFF-AR-1044,Sharpie Markers,Office Supplies,Art
FUR-CH-1045,Global Task Chair,Furniture,Chairs
FUR-CH-1047,Hbada Office Chair,Furniture,Chairs
FUR-TA-1048,Bretford Conference Table,Furniture,Tables
FUR-TA-1049,Chromcraft Round Table,Furniture,Tables
FUR-BO-1050,O'Sullivan Bookcase,Furniture,Bookcases
FUR-FU-1052,Advantus Task Lamp,Furniture,Furnishings
OFF-ST-1053,Iris File Box,Office Supplies,Storage
OFF-BI-1054,Wilson Jones Binder,Office Supplies,Binders
FUR-BO-1055,Sauder Bookcase,Furniture,Bookcases
OFF-LA-1056,Hon Label Maker Tape,Office Supplies,Labels
OFF-AR-1057,Bic Pens,Office Supplies,Art
TEC-PH-1058,Cisco IP Phone,Technology,Phones
TEC-PH-1059,Cisco IP Phone,Technology,Phones
TEC-CO-1060,Hewlett Packard Copier,Technology,Copiers
FUR-FU-1061,Tenex Chairmat,Furniture,Furnishings
TEC-AC-1062,SanDisk Flash Drive,Technology,Accessories
TEC-AC-1063,Kensington Keyboard,Technology,Accessories
OFF-PA-1064,HP Paper Ream,Office Supplies,Paper
TEC-AC-1065,SanDisk Flash Drive,Technology,Accessories
OFF-ST-1066,Iris File Box,Office Supplies,Storage
OFF-PA-1067,Xerox Paper Ream,Office Supplies,Paper
OFF-LA-1068,Avery Labels,Office Supplies,Labels
TEC-CO-1069,Canon Copier,Technology,Copiers
OFF-PA-1070,Boise Paper,Office Supplies,Paper
FUR-TA-1071,Chromcraft Round Table,Furniture,Tables
FUR-CH-1072,Global Task Chair,Furniture,Chairs
OFF-PA-1075,HP Paper Ream,Office Supplies,Paper
OFF-ST-1076,Fellowes Storage Box,Office Supplies,Storage
OFF-ST-1077,Fellowes Storage Box,Office Supplies,Storage
OFF-AR-1078,Sharpie Markers,Office Supplies,Art
OFF-LA-1079,Avery Labels,Office Supplies,Labels
OFF-PA-1080,Boise Paper,Office Supplies,Paper
OFF-AR-1081,Newell Highlighters,Office Supplies,Art
TEC-MA-1082,Lexmark Printer,Technology,Machines
FUR-CH-1084,Global Task Chair,Furniture,Chairs
OFF-PA-1085,Xerox Paper Ream,Office Supplies,Paper
OFF-LA-1086,Avery Labels,Office Supplies,Labels
OFF-BI-1087,Avery Binder,Office Supplies,Binders
FUR-FU-1088,Advantus Task Lamp,Furniture,Furnishings
TEC-MA-1089,Cubify 3D Printer,Technology,Machines
TEC-AC-1090,Logitech Mouse,Technology,Accessories
TEC-PH-1091,Samsung Galaxy,Technology,Phones
FUR-CH-1092,Global Task Chair,Furniture,Chairs
OFF-PA-1094,Boise Paper,Office Supplies,Paper
FUR-CH-1095,Global Task Chair,Furniture,Chairs
OFF-AR-1096,Bic Pens,Office Supplies,Art
TEC-AC-1097,Logitech Mouse,Technology,Accessories
FUR-FU-1098,Advantus Task Lamp,Furniture,Furnishings
FUR-TA-1099,Bretford Conference Table,Furniture,Tables
TEC-CO-1101,Hewlett Packard Copier,Technology,Copiers
TEC-PH-1102,Samsung Galaxy,Technology,Phones
OFF-ST-1104,SimpleHouseware Bin,Office Supplies,Storage
OFF-ST-1105,SimpleHouseware Bin,Office Supplies,Storage
TEC-AC-1106,SanDisk Flash Drive,Technology,Accessories
FUR-FU-1107,Eldon Desk Lamp,Furniture,Furnishings
TEC-PH-1108,Samsung Galaxy,Technology,Phones
OFF-LA-1109,Avery Labels,Office Supplies,Labels
OFF-LA-1110,Hon Label Maker Tape,Office Supplies,Labels
FUR-FU-1112,Advantus Task Lamp,Furniture,Furnishings
TEC-AC-1113,Kensington Keyboard,Technology,Accessories
OFF-ST-1115,Iris File Box,Office Supplies,Storage
FUR-FU-1116,Eldon Desk Lamp,Furniture,Furnishings
FUR-TA-1117,Bretford Conference Table,Furniture,Tables
OFF-LA-1120,Avery Labels,Office Supplies,Labels
FUR-BO-1121,O'Sullivan Bookcase,Furniture,Bookcases
FUR-BO-1122,Sauder Bookcase,Furniture,Bookcases
TEC-MA-1124,Lexmark Printer,Technology,Machines
OFF-ST-1125,Fellowes Storage Box,Office Supplies,Storage
OFF-BI-1126,Avery Binder,Office Supplies,Binders
FUR-CH-1127,Global Task Chair,Furniture,Chairs
TEC-PH-1128,Cisco IP Phone,Technology,Phones
OFF-LA-1129,Hon Label Maker Tape,Office Supplies,Labels
FUR-TA-1130,Chromcraft Round Table,Furniture,Tables
FUR-TA-1131,Chromcraft Round Table,Furniture,Tables
OFF-ST-1132,SimpleHouseware Bin,Office Supplies,Storage
OFF-BI-1133,GBC Binding System,Office Supplies,Binders
OFF-ST-1134,Fellowes Storage Box,Office Supplies,Storage
TEC-AC-1137,Logitech Mouse,Technology,Accessories
FUR-BO-1138,Bush Cubix Bookcase,Furniture,Bookcases
TEC-PH-1139,Samsung Galaxy,Technology,Phones
TEC-PH-1141,Apple iPhone,Technology,Phones
OFF-LA-1142,Hon Label Maker Tape,Office Supplies,Labels
OFF-AR-1144,Bic Pens,Office Supplies,Art
TEC-CO-1145,Hewlett Packard Copier,Technology,Copiers
FUR-CH-1146,Global Task Chair,Furniture,Chairs
TEC-MA-1147,Lexmark Printer,Technology,Machines
FUR-TA-1148,Chromcraft Round Table,Furniture,Tables
TEC-MA-1149,Zebra Label Printer,Technology,Machines
TEC-MA-1150,Cubify 3D Printer,Technology,Machines
FUR-CH-1151,Hbada Office Chair,Furniture,Chairs
TEC-CO-1152,Canon Copier,Technology,Copiers
OFF-LA-1153,Avery Labels,Office Supplies,Labels
TEC-PH-1154,Apple iPhone,Technology,Phones
FUR-TA-1155,Chromcraft Round Table,Furniture,Tables
OFF-LA-1156,Hon Label Maker Tape,Office Supplies,Labels
TEC-PH-1157,Apple iPhone,Technology,Phones
OFF-BI-1158,GBC Binding System,Office Supplies,Binders
FUR-FU-1159,Advantus Task Lamp,Furniture,Furnishings
FUR-TA-1160,Bretford Conference Table,Furniture,Tables
TEC-AC-1161,Logitech Mouse,Technology,Accessories
TEC-PH-1162,Apple iPhone,Technology,Phones
TEC-CO-1164,Canon Copier,Technology,Copiers
FUR-BO-1166,Bush Cubix Bookcase,Furniture,Bookcases
FUR-TA-1167,Bush Somerset Table,Furniture,Tables
OFF-ST-1168,Fellowes Storage Box,Office Supplies,Storage
OFF-ST-1169,Fellowes Storage Box,Office Supplies,Storage
FUR-FU-1170,Eldon Desk Lamp,Furniture,Furnishings
OFF-ST-1171,Iris File Box,Office Supplies,Storage
FUR-FU-1172,Advantus Task Lamp,Furniture,Furnishings
TEC-AC-1173,Logitech Mouse,Technology,Accessories
FUR-TA-1174,Bush Somerset Table,Furniture,Tables
OFF-PA-1175,Boise Paper,Office Supplies,Paper
TEC-MA-1177,Zebra Label Printer,Technology,Machines
FUR-CH-1178,HON Executive Chair,Furniture,Chairs
TEC-MA-1180,Zebra Label Printer,Technology,Machines
OFF-PA-1181,Xerox Paper Ream,Office Supplies,Paper
TEC-AC-1184,Kensington Keyboard,Technology,Accessories
OFF-BI-1186,Wilson Jones Binder,Office Supplies,Binders
OFF-BI-1188,Avery Binder,Office Supplies,Binders
FUR-TA-1189,Bush Somerset Table,Furniture,Tables
TEC-AC-1190,SanDisk Flash Drive,Technology,Accessories
OFF-LA-1191,Hon Label Maker Tape,Office Supplies,Labels
OFF-BI-1192,GBC Binding System,Office Supplies,Binders
OFF-BI-1193,GBC Binding System,Office Supplies,Binders
OFF-AR-1194,Bic Pens,Office Supplies,Art
OFF-PA-1195,Boise Paper,Office Supplies,Paper
OFF-AR-1196,Newell Highlighters,Office Supplies,Art
TEC-AC-1197,SanDisk Flash Drive,Technology,Accessories
TEC-PH-1198,Cisco IP Phone,Technology,Phones
FUR-FU-1199,Eldon Desk Lamp,Furniture,Furnishings
OFF-BI-1200,Wilson Jones Binder,Office Supplies,Binders
OFF-PA-1201,Boise Paper,Office Supplies,Paper
FUR-FU-1202,Advantus Task Lamp,Furniture,Furnishings
FUR-FU-1203,Advantus Task Lamp,Furniture,Furnishings
TEC-MA-1204,Cubify 3D Printer,Technology,Machines
OFF-ST-1205,Fellowes Storage Box,Office Supplies,Storage
OFF-AR-1209,Sharpie Markers,Office Supplies,Art
OFF-PA-1210,HP Paper Ream,Office Supplies,Paper
TEC-PH-1211,Samsung Galaxy,Technology,Phones
OFF-AR-1212,Sharpie Markers,Office Supplies,Art
TEC-CO-1214,Canon Copier,Technology,Copiers
OFF-BI-1215,Avery Binder,Office Supplies,Binders
OFF-AR-1218,Sharpie Markers,Office Supplies,Art
TEC-CO-1219,Hewlett Packard Copier,Technology,Copiers
TEC-AC-1222,Kensington Keyboard,Technology,Accessories
TEC-MA-1223,Zebra Label Printer,Technology,Machines
TEC-AC-1224,Kensington Keyboard,Technology,Accessories
OFF-AR-1225,Bic Pens,Office Supplies,Art
TEC-AC-1226,Kensington Keyboard,Technology,Accessories
OFF-PA-1227,Xerox Paper Ream,Office Supplies,Paper
FUR-BO-1228,O'Sullivan Bookcase,Furniture,Bookcases
OFF-PA-1229,Boise Paper,Office Supplies,Paper
TEC-MA-1230,Cubify 3D Printer,Technology,Machines
FUR-TA-1231,Bush Somerset Table,Furniture,Tables
TEC-PH-1233,Cisco IP Phone,Technology,Phones
FUR-TA-1234,Bush Somerset Table,Furniture,Tables
OFF-AR-1235,Bic Pens,Office Supplies,Art
TEC-PH-1236,Apple iPhone,Technology,Phones
FUR-TA-1237,Bretford Conference Table,Furniture,Tables
TEC-CO-1238,Canon Copier,Technology,Copiers
OFF-AR-1239,Newell Highlighters,Office Supplies,Art
OFF-AR-1240,Sharpie Markers,Office Supplies,Art
OFF-AR-1241,Bic Pens,Office Supplies,Art
TEC-PH-1242,Samsung Galaxy,Technology,Phones
TEC-AC-1243,SanDisk Flash Drive,Technology,Accessories
OFF-AR-1244,Sharpie Markers,Office Supplies,Art
FUR-TA-1245,Bretford Conference Table,Furniture,Tables
FUR-CH-1246,Hbada Office Chair,Furniture,Chairs
FUR-CH-1249,Hbada Office Chair,Furniture,Chairs
FUR-TA-1250,Bush Somerset Table,Furniture,Tables
OFF-LA-1252,Avery Labels,Office Supplies,Labels
TEC-PH-1253,Cisco IP Phone,Technology,Phones
TEC-AC-1254,SanDisk Flash Drive,Technology,Accessories
OFF-BI-1255,Avery Binder,Office Supplies,Binders
TEC-AC-1256,Kensington Keyboard,Technology,Accessories
TEC-MA-1257,Zebra Label Printer,Technology,Machines
OFF-ST-1258,Iris File Box,Office Supplies,Storage
TEC-AC-1259,Logitech Mouse,Technology,Accessories
OFF-AR-1260,Newell Highlighters,Office Supplies,Art
OFF-BI-1262,Avery Binder,Office Supplies,Binders
OFF-AR-1263,Bic Pens,Office Supplies,Art
TEC-MA-1264,Lexmark Printer,Technology,Machines
OFF-ST-1265,Iris File Box,Office Supplies,Storage
OFF-BI-1266,Avery Binder,Office Supplies,Binders
TEC-AC-1267,Kensington Keyboard,Technology,Accessories
FUR-BO-1268,O'Sullivan Bookcase,Furniture,Bookcases
FUR-FU-1269,Advantus Task Lamp,Furniture,Furnishings
OFF-AR-1270,Sharpie Markers,Office Supplies,Art
OFF-BI-1271,GBC Binding System,Office Supplies,Binders
OFF-ST-1272,Fellowes Storage Box,Office Supplies,Storage
TEC-MA-1274,Cubify 3D Printer,Technology,Machines
FUR-CH-1275,Hbada Office Chair,Furniture,Chairs
FUR-TA-1276,Bretford Conference Table,Furniture,Tables
FUR-CH-1278,Hbada Office Chair,Furniture,Chairs
TEC-PH-1280,Samsung Galaxy,Technology,Phones
FUR-CH-1282,HON Executive Chair,Furniture,Chairs
OFF-PA-1283,HP Paper Ream,Office Supplies,Paper
OFF-PA-1284,Xerox Paper Ream,Office Supplies,Paper
FUR-FU-1285,Tenex Chairmat,Furniture,Furnishings
TEC-AC-1286,Kensington Keyboard,Technology,Accessories
TEC-PH-1287,Apple iPhone,Technology,Phones
TEC-CO-1288,Canon Copier,Technology,Copiers
OFF-AR-1289,Sharpie Markers,Office Supplies,Art
OFF-AR-1290,Sharpie Markers,Office Supplies,Art
TEC-MA-1291,Cubify 3D Printer,Technology,Machines
TEC-AC-1292,Kensington Keyboard,Technology,Accessories
OFF-AR-1293,Sharpie Markers,Office Supplies,Art
OFF-BI-1294,GBC Binding System,Office Supplies,Binders
FUR-FU-1295,Tenex Chairmat,Furniture,Furnishings
TEC-MA-1296,Cubify 3D Printer,Technology,Machines
FUR-CH-1300,Hbada Office Chair,Furniture,Chairs
OFF-BI-1302,GBC Binding System,Office Supplies,Binders
OFF-PA-1304,HP Paper Ream,Office Supplies,Paper
OFF-PA-1305,HP Paper Ream,Office Supplies,Paper
OFF-BI-1306,Wilson Jones Binder,Office Supplies,Binders
OFF-ST-1307,SimpleHouseware Bin,Office Supplies,Storage
OFF-AR-1308,Newell Highlighters,Office Supplies,Art
TEC-AC-1309,Kensington Keyboard,Technology,Accessories
OFF-BI-1311,Wilson Jones Binder,Office Supplies,Binders
TEC-CO-1312,Hewlett Packard Copier,Technology,Copiers
TEC-CO-1313,Canon Copier,Technology,Copiers
FUR-CH-1315,Hbada Office Chair,Furniture,Chairs
TEC-AC-1317,SanDisk Flash Drive,Technology,Accessories
OFF-LA-1318,Avery Labels,Office Supplies,Labels
OFF-LA-1319,Avery Labels,Office Supplies,Labels
OFF-LA-1321,Hon Label Maker Tape,Office Supplies,Labels
TEC-CO-1322,Hewlett Packard Copier,Technology,Copiers
OFF-LA-1323,Avery Labels,Office Supplies,Labels
OFF-AR-1324,Bic Pens,Office Supplies,Art
OFF-ST-1325,Fellowes Storage Box,Office Supplies,Storage
OFF-ST-1326,Iris File Box,Office Supplies,Storage
OFF-PA-1327,Boise Paper,Office Supplies,Paper
FUR-TA-1329,Bretford Conference Table,Furniture,Tables
OFF-BI-1330,Avery Binder,Office Supplies,Binders
OFF-BI-1331,GBC Binding System,Office Supplies,Binders
OFF-BI-1332,GBC Binding System,Office Supplies,Binders
OFF-ST-1333,SimpleHouseware Bin,Office Supplies,Storage
OFF-BI-1334,GBC Binding System,Office Supplies,Binders
OFF-BI-1335,Wilson Jones Binder,Office Supplies,Binders
FUR-CH-1336,Global Task Chair,Furniture,Chairs
OFF-BI-1337,GBC Binding System,Office Supplies,Binders
OFF-PA-1338,Xerox Paper Ream,Office Supplies,Paper
TEC-MA-1339,Lexmark Printer,Technology,Machines
OFF-BI-1340,Wilson Jones Binder,Office Supplies,Binders
FUR-FU-1341,Eldon Desk Lamp,Furniture,Furnishings
OFF-ST-1343,Iris File Box,Office Supplies,Storage
TEC-AC-1344,Kensington Keyboard,Technology,Accessories
OFF-PA-1345,HP Paper Ream,Office Supplies,Paper
FUR-CH-1346,Hbada Office Chair,Furniture,Chairs
FUR-CH-1347,Hbada Office Chair,Furniture,Chairs
OFF-LA-1348,Avery Labels,Office Supplies,Labels
OFF-ST-1349,Fellowes Storage Box,Office Supplies,Storage
OFF-AR-1350,Bic Pens,Office Supplies,Art
TEC-CO-1351,Canon Copier,Technology,Copiers
FUR-BO-1352,Sauder Bookcase,Furniture,Bookcases
OFF-AR-1353,Sharpie Markers,Office Supplies,Art
OFF-LA-1354,Hon Label Maker Tape,Office Supplies,Labels
OFF-LA-1355,Hon Label Maker Tape,Office Supplies,Labels
TEC-MA-1356,Zebra Label Printer,Technology,Machines
OFF-PA-1357,Xerox Paper Ream,Office Supplies,Paper
OFF-PA-1358,HP Paper Ream,Office Supplies,Paper
TEC-CO-1359,Canon Copier,Technology,Copiers
TEC-CO-1360,Hewlett Packard Copier,Technology,Copiers
FUR-TA-1361,Bush Somerset Table,Furniture,Tables
OFF-AR-1362,Newell Highlighters,Office Supplies,Art
TEC-AC-1363,SanDisk Flash Drive,Technology,Accessories
OFF-BI-1364,Avery Binder,Office Supplies,Binders
TEC-AC-1365,Logitech Mouse,Technology,Accessories
OFF-AR-1368,Bic Pens,Office Supplies,Art
OFF-LA-1369,Avery Labels,Office Supplies,Labels
OFF-ST-1370,Iris File Box,Office Supplies,Storage
TEC-CO-1372,Hewlett Packard Copier,Technology,Copiers
FUR-FU-1373,Advantus Task Lamp,Furniture,Furnishings
TEC-PH-1374,Samsung Galaxy,Technology,Phones
OFF-AR-1376,Sharpie Markers,Office Supplies,Art
OFF-BI-1377,Avery Binder,Office Supplies,Binders
TEC-AC-1379,Logitech Mouse,Technology,Accessories
FUR-CH-1380,HON Executive Chair,Furniture,Chairs
TEC-PH-1381,Samsung Galaxy,Technology,Phones
TEC-PH-1382,Cisco IP Phone,Technology,Phones
FUR-BO-1384,O'Sullivan Bookcase,Furniture,Bookcases
TEC-PH-1385,Cisco IP Phone,Technology,Phones
OFF-ST-1386,Iris File Box,Office Supplies,Storage
OFF-BI-1387,GBC Binding System,Office Supplies,Binders
FUR-CH-1388,Hbada Office Chair,Furniture,Chairs
TEC-MA-1389,Zebra Label Printer,Technology,Machines
TEC-PH-1391,Apple iPhone,Technology,Phones
TEC-AC-1392,SanDisk Flash Drive,Technology,Accessories
OFF-ST-1393,Iris File Box,Office Supplies,Storage
TEC-MA-1394,Cubify 3D Printer,Technology,Machines
OFF-ST-1397,Iris File Box,Office Supplies,Storage
OFF-PA-1398,HP Paper Ream,Office Supplies,Paper
TEC-AC-1399,Logitech Mouse,Technology,Accessories
TEC-MA-1001,Cubify 3D Printer,Technology,Machines
TEC-MA-1003,Cubify 3D Printer,Technology,Machines
TEC-PH-1004,Apple iPhone,Technology,Phones
TEC-AC-1005,Kensington Keyboard,Technology,Accessories
OFF-BI-1006,GBC Binding System,Office Supplies,Binders
TEC-PH-1007,Apple iPhone,Technology,Phones
TEC-PH-1009,Samsung Galaxy,Technology,Phones
TEC-PH-1010,Samsung Galaxy,Technology,Phones
FUR-BO-1012,Bush Cubix Bookcase,Furniture,Bookcases
FUR-CH-1013,Global Task Chair,Furniture,Chairs
TEC-AC-1014,Kensington Keyboard,Technology,Accessories
TEC-AC-1015,SanDisk Flash Drive,Technology,Accessories
OFF-LA-1016,Hon Label Maker Tape,Office Supplies,Labels
FUR-TA-1017,Bretford Conference Table,Furniture,Tables
FUR-BO-1018,Sauder Bookcase,Furniture,Bookcases
FUR-BO-1019,O'Sullivan Bookcase,Furniture,Bookcases
OFF-BI-1020,Avery Binder,Office Supplies,Binders
FUR-FU-1021,Advantus Task Lamp,Furniture,Furnishings
OFF-ST-1023,Fellowes Storage Box,Office Supplies,Storage
OFF-ST-1024,Iris File Box,Office Supplies,Storage
FUR-TA-1025,Chromcraft Round Table,Furniture,Tables
FUR-BO-1026,Sauder Bookcase,Furniture,Bookcases
TEC-MA-1027,Lexmark Printer,Technology,Machines
TEC-MA-1028,Lexmark Printer,Technology,Machines
TEC-CO-1029,Canon Copier,Technology,Copiers
FUR-TA-1030,Bush Somerset Table,Furniture,Tables
OFF-PA-1031,HP Paper Ream,Office Supplies,Paper
TEC-AC-1032,Kensington Keyboard,Technology,Accessories
OFF-PA-1033,Xerox Paper Ream,Office Supplies,Paper
FUR-FU-1035,Advantus Task Lamp,Furniture,Furnishings
TEC-PH-1036,Samsung Galaxy,Technology,Phones
TEC-PH-1037,Apple iPhone,Technology,Phones
OFF-PA-1038,Xerox Paper Ream,Office Supplies,Paper
TEC-MA-1039,Cubify 3D Printer,Technology,Machines
FUR-BO-1040,O'Sullivan Bookcase,Furniture,Bookcases
TEC-PH-1041,Apple iPhone,Technology,Phones
FUR-TA-1042,Chromcraft Round Table,Furniture,Tables
FUR-FU-1043,Eldon Desk Lamp,Furniture,Furnishings
OFF-PA-1045,HP Paper Ream,Office Supplies,Paper
FUR-BO-1046,Sauder Bookcase,Furniture,Bookcases
OFF-AR-1047,Sharpie Markers,Office Supplies,Art
OFF-AR-1049,Sharpie Markers,Office Supplies,Art
OFF-ST-1051,Iris File Box,Office Supplies,Storage
TEC-MA-1052,Lexmark Printer,Technology,Machines
OFF-AR-1054,Bic Pens,Office Supplies,Art
TEC-PH-1055,Samsung Galaxy,Technology,Phones
OFF-ST-1056,SimpleHouseware Bin,Office Supplies,Storage
FUR-CH-1057,Global Task Chair,Furniture,Chairs
OFF-BI-1058,Wilson Jones Binder,Office Supplies,Binders
TEC-CO-1059,Hewlett Packard Copier,Technology,Copiers
TEC-PH-1061,Cisco IP Phone,Technology,Phones
FUR-FU-1062,Advantus Task Lamp,Furniture,Furnishings
FUR-BO-1063,Sauder Bookcase,Furniture,Bookcases
OFF-LA-1065,Avery Labels,Office Supplies,Labels
OFF-AR-1066,Newell Highlighters,Office Supplies,Art
OFF-BI-1067,GBC Binding System,Office Supplies,Binders
TEC-MA-1069,Lexmark Printer,Technology,Machines
TEC-MA-1070,Cubify 3D Printer,Technology,Machines
TEC-MA-1071,Lexmark Printer,Technology,Machines
TEC-PH-1072,Apple iPhone,Technology,Phones
OFF-LA-1073,Hon Label Maker Tape,Office Supplies,Labels
OFF-ST-1074,Fellowes Storage Box,Office Supplies,Storage
OFF-AR-1075,Bic Pens,Office Supplies,Art
TEC-CO-1077,Canon Copier,Technology,Copiers
TEC-MA-1078,Lexmark Printer,Technology,Machines
OFF-ST-1079,Iris File Box,Office Supplies,Storage
OFF-ST-1081,Iris File Box,Office Supplies,Storage
OFF-BI-1082,Wilson Jones Binder,Office Supplies,Binders
OFF-BI-1083,Wilson Jones Binder,Office Supplies,Binders
OFF-BI-1084,GBC Binding System,Office Supplies,Binders
FUR-TA-1085,Bush Somerset Table,Furniture,Tables
OFF-AR-1086,Sharpie Markers,Office Supplies,Art
OFF-PA-1087,Boise Paper,Office Supplies,Paper
TEC-MA-1088,Lexmark Printer,Technology,Machines
OFF-ST-1089,SimpleHouseware Bin,Office Supplies,Storage
TEC-MA-1090,Zebra Label Printer,Technology,Machines
TEC-CO-1091,Hewlett Packard Copier,Technology,Copiers
OFF-AR-1093,Sharpie Markers,Office Supplies,Art
FUR-FU-1094,Eldon Desk Lamp,Furniture,Furnishings
OFF-PA-1095,Boise Paper,Office Supplies,Paper
TEC-AC-1096,Logitech Mouse,Technology,Accessories
TEC-CO-1097,Hewlett Packard Copier,Technology,Copiers
OFF-PA-1100,Xerox Paper Ream,Office Supplies,Paper
FUR-CH-1101,HON Executive Chair,Furniture,Chairs
FUR-CH-1102,Global Task Chair,Furniture,Chairs
TEC-MA-1103,Lexmark Printer,Technology,Machines
TEC-MA-1104,Lexmark Printer,Technology,Machines
TEC-PH-1105,Cisco IP Phone,Technology,Phones
OFF-PA-1107,HP Paper Ream,Office Supplies,Paper
OFF-BI-1109,GBC Binding System,Office Supplies,Binders
FUR-FU-1110,Tenex Chairmat,Furniture,Furnishings
TEC-CO-1111,Canon Copier,Technology,Copiers
FUR-TA-1112,Bretford Conference Table,Furniture,Tables
FUR-TA-1113,Bretford Conference Table,Furniture,Tables
OFF-BI-1114,Wilson Jones Binder,Office Supplies,Binders
FUR-FU-1115,Tenex Chairmat,Furniture,Furnishings
FUR-TA-1116,Bretford Conference Table,Furniture,Tables
OFF-PA-1117,HP Paper Ream,Office Supplies,Paper
OFF-BI-1119,Wilson Jones Binder,Office Supplies,Binders
OFF-BI-1121,Avery Binder,Office Supplies,Binders
OFF-PA-1122,Boise Paper,Office Supplies,Paper
FUR-TA-1123,Chromcraft Round Table,Furniture,Tables
TEC-PH-1124,Apple iPhone,Technology,Phones
OFF-LA-1125,Avery Labels,Office Supplies,Labels
TEC-MA-1126,Lexmark Printer,Technology,Machines
FUR-BO-1128,Bush Cubix Bookcase,Furniture,Bookcases
TEC-AC-1130,Kensington Keyboard,Technology,Accessories
TEC-AC-1132,Kensington Keyboard,Technology,Accessories
OFF-BI-1135,Wilson Jones Binder,Office Supplies,Binders
FUR-TA-1136,Bretford Conference Table,Furniture,Tables
TEC-MA-1137,Lexmark Printer,Technology,Machines
OFF-LA-1140,Hon Label Maker Tape,Office Supplies,Labels
FUR-CH-1141,Global Task Chair,Furniture,Chairs
OFF-ST-1142,Fellowes Storage Box,Office Supplies,Storage
OFF-ST-1143,Fellowes Storage Box,Office Supplies,Storage
TEC-PH-1145,Cisco IP Phone,Technology,Phones
TEC-CO-1147,Hewlett Packard Copier,Technology,Copiers
FUR-FU-1150,Tenex Chairmat,Furniture,Furnishings
OFF-AR-1151,Newell Highlighters,Office Supplies,Art
TEC-AC-1152,SanDisk Flash Drive,Technology,Accessories
OFF-BI-1153,GBC Binding System,Office Supplies,Binders
OFF-LA-1154,Avery Labels,Office Supplies,Labels
OFF-AR-1156,Bic Pens,Office Supplies,Art
OFF-BI-1159,GBC Binding System,Office Supplies,Binders
TEC-PH-1160,Cisco IP Phone,Technology,Phones
OFF-PA-1161,Boise Paper,Office Supplies,Paper
FUR-TA-1162,Bretford Conference Table,Furniture,Tables
FUR-TA-1163,Bush Somerset Table,Furniture,Tables
FUR-BO-1164,O'Sullivan Bookcase,Furniture,Bookcases
OFF-BI-1165,Wilson Jones Binder,Office Supplies,Binders
OFF-PA-1166,Xerox Paper Ream,Office Supplies,Paper
TEC-CO-1167,Canon Copier,Technology,Copiers
OFF-LA-1168,Hon Label Maker Tape,Office Supplies,Labels
OFF-LA-1169,Hon Label Maker Tape,Office Supplies,Labels
OFF-AR-1170,Sharpie Markers,Office Supplies,Art
OFF-BI-1171,Avery Binder,Office Supplies,Binders
TEC-AC-1172,Logitech Mouse,Technology,Accessories
TEC-MA-1173,Lexmark Printer,Technology,Machines
TEC-MA-1174,Cubify 3D Printer,Technology,Machines
FUR-TA-1177,Bush Somerset Table,Furniture,Tables
TEC-MA-1178,Cubify 3D Printer,Technology,Machines
OFF-AR-1179,Newell Highlighters,Office Supplies,Art
OFF-ST-1180,Fellowes Storage Box,Office Supplies,Storage
FUR-FU-1181,Eldon Desk Lamp,Furniture,Furnishings
OFF-LA-1182,Hon Label Maker Tape,Office Supplies,Labels
OFF-AR-1184,Newell Highlighters,Office Supplies,Art
OFF-BI-1185,Avery Binder,Office Supplies,Binders
TEC-PH-1187,Apple iPhone,Technology,Phones
TEC-AC-1189,SanDisk Flash Drive,Technology,Accessories
FUR-TA-1190,Chromcraft Round Table,Furniture,Tables
OFF-ST-1192,Fellowes Storage Box,Office Supplies,Storage
FUR-FU-1193,Tenex Chairmat,Furniture,Furnishings
OFF-BI-1195,Avery Binder,Office Supplies,Binders
TEC-CO-1196,Hewlett Packard Copier,Technology,Copiers
TEC-MA-1197,Lexmark Printer,Technology,Machines
TEC-AC-1198,Kensington Keyboard,Technology,Accessories
OFF-BI-1199,GBC Binding System,Office Supplies,Binders
OFF-LA-1200,Hon Label Maker Tape,Office Supplies,Labels
FUR-FU-1201,Eldon Desk Lamp,Furniture,Furnishings
TEC-AC-1202,SanDisk Flash Drive,Technology,Accessories
TEC-PH-1203,Apple iPhone,Technology,Phones
OFF-PA-1206,Xerox Paper Ream,Office Supplies,Paper
TEC-CO-1207,Hewlett Packard Copier,Technology,Copiers
TEC-PH-1209,Samsung Galaxy,Technology,Phones
TEC-MA-1210,Zebra Label Printer,Technology,Machines
OFF-ST-1211,Fellowes Storage Box,Office Supplies,Storage
FUR-CH-1212,HON Executive Chair,Furniture,Chairs
FUR-FU-1213,Advantus Task Lamp,Furniture,Furnishings
OFF-BI-1214,Wilson Jones Binder,Office Supplies,Binders
FUR-CH-1215,Global Task Chair,Furniture,Chairs
FUR-FU-1216,Eldon Desk Lamp,Furniture,Furnishings
TEC-MA-1217,Zebra Label Printer,Technology,Machines
OFF-ST-1218,SimpleHouseware Bin,Office Supplies,Storage
OFF-PA-1219,Boise Paper,Office Supplies,Paper
FUR-CH-1221,Hbada Office Chair,Furniture,Chairs
OFF-LA-1222,Avery Labels,Office Supplies,Labels
FUR-BO-1223,Sauder Bookcase,Furniture,Bookcases
FUR-FU-1225,Eldon Desk Lamp,Furniture,Furnishings
TEC-MA-1226,Lexmark Printer,Technology,Machines
OFF-AR-1227,Newell Highlighters,Office Supplies,Art
OFF-PA-1228,Xerox Paper Ream,Office Supplies,Paper
FUR-BO-1230,Bush Cubix Bookcase,Furniture,Bookcases
OFF-ST-1231,Iris File Box,Office Supplies,Storage
TEC-AC-1232,Logitech Mouse,Technology,Accessories
OFF-ST-1234,Fellowes Storage Box,Office Supplies,Storage
TEC-MA-1235,Lexmark Printer,Technology,Machines
OFF-BI-1236,Avery Binder,Office Supplies,Binders
OFF-BI-1237,Wilson Jones Binder,Office Supplies,Binders
OFF-ST-1238,SimpleHouseware Bin,Office Supplies,Storage
OFF-PA-1239,Boise Paper,Office Supplies,Paper
OFF-ST-1240,Iris File Box,Office Supplies,Storage
OFF-PA-1241,HP Paper Ream,Office Supplies,Paper
OFF-ST-1242,SimpleHouseware Bin,Office Supplies,Storage
OFF-AR-1243,Sharpie Markers,Office Supplies,Art
FUR-BO-1244,Bush Cubix Bookcase,Furniture,Bookcases
TEC-PH-1245,Samsung Galaxy,Technology,Phones
OFF-ST-1246,Fellowes Storage Box,Office Supplies,Storage
OFF-ST-1247,Iris File Box,Office Supplies,Storage
TEC-AC-1248,Kensington Keyboard,Technology,Accessories
TEC-PH-1249,Samsung Galaxy,Technology,Phones
TEC-CO-1251,Canon Copier,Technology,Copiers
OFF-BI-1254,Wilson Jones Binder,Office Supplies,Binders
OFF-LA-1255,Avery Labels,Office Supplies,Labels
TEC-CO-1256,Canon Copier,Technology,Copiers
OFF-PA-1258,Boise Paper,Office Supplies,Paper
TEC-CO-1261,Hewlett Packard Copier,Technology,Copiers
OFF-PA-1262,Xerox Paper Ream,Office Supplies,Paper
TEC-PH-1263,Apple iPhone,Technology,Phones
OFF-PA-1264,HP Paper Ream,Office Supplies,Paper
FUR-CH-1265,HON Executive Chair,Furniture,Chairs
OFF-PA-1266,Xerox Paper Ream,Office Supplies,Paper
TEC-MA-1267,Lexmark Printer,Technology,Machines
OFF-PA-1268,HP Paper Ream,Office Supplies,Paper
FUR-BO-1270,Sauder Bookcase,Furniture,Bookcases
TEC-PH-1272,Samsung Galaxy,Technology,Phones
TEC-AC-1273,Kensington Keyboard,Technology,Accessories
OFF-BI-1275,Wilson Jones Binder,Office Supplies,Binders
TEC-MA-1277,Zebra Label Printer,Technology,Machines
TEC-PH-1278,Apple iPhone,Technology,Phones
TEC-CO-1279,Hewlett Packard Copier,Technology,Copiers
OFF-AR-1280,Newell Highlighters,Office Supplies,Art
OFF-PA-1282,Boise Paper,Office Supplies,Paper
FUR-TA-1283,Chromcraft Round Table,Furniture,Tables
OFF-LA-1285,Hon Label Maker Tape,Office Supplies,Labels
TEC-PH-1286,Samsung Galaxy,Technology,Phones
FUR-FU-1288,Eldon Desk Lamp,Furniture,Furnishings
OFF-BI-1289,Avery Binder,Office Supplies,Binders
OFF-BI-1290,Wilson Jones Binder,Office Supplies,Binders
TEC-AC-1291,Logitech Mouse,Technology,Accessories
TEC-CO-1292,Hewlett Packard Copier,Technology,Copiers
OFF-PA-1294,Boise Paper,Office Supplies,Paper
OFF-BI-1296,Wilson Jones Binder,Office Supplies,Binders
TEC-CO-1298,Hewlett Packard Copier,Technology,Copiers
TEC-CO-1299,Canon Copier,Technology,Copiers
OFF-AR-1300,Sharpie Markers,Office Supplies,Art
TEC-AC-1301,SanDisk Flash Drive,Technology,Accessories
TEC-MA-1303,Lexmark Printer,Technology,Machines
OFF-BI-1304,Avery Binder,Office Supplies,Binders
FUR-BO-1305,Sauder Bookcase,Furniture,Bookcases
FUR-BO-1307,Bush Cubix Bookcase,Furniture,Bookcases
TEC-AC-1308,SanDisk Flash Drive,Technology,Accessories
FUR-FU-1309,Advantus Task Lamp,Furniture,Furnishings
TEC-MA-1310,Cubify 3D Printer,Technology,Machines
TEC-AC-1311,Logitech Mouse,Technology,Accessories
OFF-ST-1312,SimpleHouseware Bin,Office Supplies,Storage
OFF-LA-1313,Avery Labels,Office Supplies,Labels
TEC-MA-1315,Zebra Label Printer,Technology,Machines
OFF-AR-1317,Bic Pens,Office Supplies,Art
TEC-PH-1318,Cisco IP Phone,Technology,Phones
TEC-PH-1319,Samsung Galaxy,Technology,Phones
TEC-MA-1320,Lexmark Printer,Technology,Machines
OFF-ST-1321,Iris File Box,Office Supplies,Storage
OFF-AR-1322,Bic Pens,Office Supplies,Art
TEC-MA-1323,Zebra Label Printer,Technology,Machines
FUR-FU-1324,Eldon Desk Lamp,Furniture,Furnishings
OFF-AR-1325,Newell Highlighters,Office Supplies,Art
TEC-MA-1326,Lexmark Printer,Technology,Machines
FUR-CH-1327,Global Task Chair,Furniture,Chairs
OFF-PA-1328,HP Paper Ream,Office Supplies,Paper
FUR-BO-1329,O'Sullivan Bookcase,Furniture,Bookcases
TEC-CO-1330,Hewlett Packard Copier,Technology,Copiers
OFF-PA-1331,Boise Paper,Office Supplies,Paper
OFF-PA-1332,Xerox Paper Ream,Office Supplies,Paper
OFF-PA-1333,HP Paper Ream,Office Supplies,Paper
FUR-CH-1334,Hbada Office Chair,Furniture,Chairs
TEC-CO-1336,Canon Copier,Technology,Copiers
OFF-PA-1337,HP Paper Ream,Office Supplies,Paper
OFF-AR-1338,Sharpie Markers,Office Supplies,Art
FUR-TA-1339,Chromcraft Round Table,Furniture,Tables
TEC-CO-1340,Hewlett Packard Copier,Technology,Copiers
OFF-ST-1341,SimpleHouseware Bin,Office Supplies,Storage
OFF-ST-1342,Fellowes Storage Box,Office Supplies,Storage
TEC-MA-1343,Zebra Label Printer,Technology,Machines
TEC-MA-1344,Cubify 3D Printer,Technology,Machines
OFF-LA-1345,Avery Labels,Office Supplies,Labels
TEC-AC-1346,Kensington Keyboard,Technology,Accessories
OFF-PA-1348,Boise Paper,Office Supplies,Paper
TEC-MA-1349,Cubify 3D Printer,Technology,Machines
TEC-AC-1350,Kensington Keyboard,Technology,Accessories
OFF-AR-1352,Sharpie Markers,Office Supplies,Art
OFF-BI-1353,GBC Binding System,Office Supplies,Binders
OFF-AR-1354,Sharpie Markers,Office Supplies,Art
OFF-ST-1355,Iris File Box,Office Supplies,Storage
OFF-ST-1356,Fellowes Storage Box,Office Supplies,Storage
FUR-FU-1357,Advantus Task Lamp,Furniture,Furnishings
OFF-AR-1358,Sharpie Markers,Office Supplies,Art
OFF-LA-1359,Hon Label Maker Tape,Office Supplies,Labels
OFF-AR-1360,Sharpie Markers,Office Supplies,Art
OFF-ST-1361,Fellowes Storage Box,Office Supplies,Storage
OFF-LA-1362,Avery Labels,Office Supplies,Labels
FUR-CH-1363,Hbada Office Chair,Furniture,Chairs
OFF-AR-1364,Newell Highlighters,Office Supplies,Art
TEC-MA-1366,Lexmark Printer,Technology,Machines
FUR-CH-1367,Global Task Chair,Furniture,Chairs
OFF-ST-1369,SimpleHouseware Bin,Office Supplies,Storage
FUR-FU-1370,Eldon Desk Lamp,Furniture,Furnishings
OFF-AR-1372,Sharpie Markers,Office Supplies,Art
FUR-TA-1373,Bush Somerset Table,Furniture,Tables
OFF-PA-1374,Xerox Paper Ream,Office Supplies,Paper
FUR-BO-1376,O'Sullivan Bookcase,Furniture,Bookcases
FUR-FU-1377,Advantus Task Lamp,Furniture,Furnishings
OFF-AR-1378,Bic Pens,Office Supplies,Art
OFF-AR-1380,Newell Highlighters,Office Supplies,Art
FUR-BO-1381,Bush Cubix Bookcase,Furniture,Bookcases
OFF-AR-1382,Newell Highlighters,Office Supplies,Art
TEC-PH-1383,Apple iPhone,Technology,Phones
TEC-MA-1384,Zebra Label Printer,Technology,Machines
OFF-BI-1385,Wilson Jones Binder,Office Supplies,Binders
FUR-TA-1386,Chromcraft Round Table,Furniture,Tables
TEC-AC-1387,Kensington Keyboard,Technology,Accessories
OFF-LA-1388,Avery Labels,Office Supplies,Labels
FUR-FU-1389,Advantus Task Lamp,Furniture,Furnishings
OFF-LA-1392,Hon Label Maker Tape,Office Supplies,Labels
TEC-MA-1393,Zebra Label Printer,Technology,Machines
OFF-AR-1394,Sharpie Markers,Office Supplies,Art
OFF-PA-1395,HP Paper Ream,Office Supplies,Paper
OFF-PA-1396,HP Paper Ream,Office Supplies,Paper
OFF-BI-1397,GBC Binding System,Office Supplies,Binders
FUR-FU-1398,Tenex Chairmat,Furniture,Furnishings
FUR-FU-1399,Tenex Chairmat,Furniture,Furnishings
TEC-AC-1000,Logitech Mouse,Technology,Accessories
OFF-BI-1001,Wilson Jones Binder,Office Supplies,Binders
OFF-AR-1002,Bic Pens,Office Supplies,Art
OFF-PA-1003,HP Paper Ream,Office Supplies,Paper
TEC-PH-1006,Cisco IP Phone,Technology,Phones
OFF-BI-1007,GBC Binding System,Office Supplies,Binders
FUR-TA-1008,Chromcraft Round Table,Furniture,Tables
FUR-TA-1009,Bush Somerset Table,Furniture,Tables
TEC-AC-1011,Logitech Mouse,Technology,Accessories
OFF-BI-1012,GBC Binding System,Office Supplies,Binders
OFF-ST-1013,Iris File Box,Office Supplies,Storage
OFF-BI-1014,Wilson Jones Binder,Office Supplies,Binders
TEC-PH-1015,Cisco IP Phone,Technology,Phones
TEC-CO-1016,Canon Copier,Technology,Copiers
OFF-AR-1017,Bic Pens,Office Supplies,Art
TEC-AC-1018,SanDisk Flash Drive,Technology,Accessories
OFF-BI-1022,Wilson Jones Binder,Office Supplies,Binders
OFF-BI-1023,Avery Binder,Office Supplies,Binders
OFF-PA-1024,HP Paper Ream,Office Supplies,Paper
OFF-BI-1025,Avery Binder,Office Supplies,Binders
OFF-LA-1026,Avery Labels,Office Supplies,Labels
OFF-AR-1027,Newell Highlighters,Office Supplies,Art
OFF-PA-1029,Boise Paper,Office Supplies,Paper
OFF-AR-1031,Newell Highlighters,Office Supplies,Art
FUR-CH-1032,HON Executive Chair,Furniture,Chairs
OFF-LA-1034,Avery Labels,Office Supplies,Labels
TEC-MA-1035,Lexmark Printer,Technology,Machines
OFF-AR-1037,Sharpie Markers,Office Supplies,Art
TEC-MA-1040,Cubify 3D Printer,Technology,Machines
TEC-MA-1041,Zebra Label Printer,Technology,Machines
TEC-CO-1042,Hewlett Packard Copier,Technology,Copiers
TEC-AC-1043,SanDisk Flash Drive,Technology,Accessories
TEC-MA-1044,Lexmark Printer,Technology,Machines
TEC-CO-1046,Hewlett Packard Copier,Technology,Copiers
TEC-PH-1050,Samsung Galaxy,Technology,Phones
TEC-MA-1051,Cubify 3D Printer,Technology,Machines
OFF-PA-1052,Boise Paper,Office Supplies,Paper
OFF-AR-1060,Bic Pens,Office Supplies,Art
OFF-PA-1061,Boise Paper,Office Supplies,Paper
OFF-BI-1062,Wilson Jones Binder,Office Supplies,Binders
TEC-CO-1063,Canon Copier,Technology,Copiers
FUR-TA-1065,Chromcraft Round Table,Furniture,Tables
TEC-CO-1067,Hewlett Packard Copier,Technology,Copiers
FUR-BO-1068,Bush Cubix Bookcase,Furniture,Bookcases
FUR-CH-1069,HON Executive Chair,Furniture,Chairs
OFF-BI-1070,Wilson Jones Binder,Office Supplies,Binders
TEC-PH-1071,Apple iPhone,Technology,Phones
FUR-TA-1072,Chromcraft Round Table,Furniture,Tables
FUR-CH-1076,Global Task Chair,Furniture,Chairs
TEC-AC-1078,Logitech Mouse,Technology,Accessories
FUR-TA-1079,Bush Somerset Table,Furniture,Tables
TEC-AC-1080,Logitech Mouse,Technology,Accessories
TEC-PH-1081,Samsung Galaxy,Technology,Phones
OFF-PA-1082,Xerox Paper Ream,Office Supplies,Paper
OFF-BI-1085,Avery Binder,Office Supplies,Binders
TEC-MA-1086,Zebra Label Printer,Technology,Machines
OFF-PA-1088,HP Paper Ream,Office Supplies,Paper
FUR-FU-1090,Advantus Task Lamp,Furniture,Furnishings
TEC-AC-1091,Logitech Mouse,Technology,Accessories
OFF-PA-1092,HP Paper Ream,Office Supplies,Paper
FUR-CH-1093,Global Task Chair,Furniture,Chairs
TEC-MA-1094,Cubify 3D Printer,Technology,Machines
OFF-LA-1096,Avery Labels,Office Supplies,Labels
OFF-PA-1097,Xerox Paper Ream,Office Supplies,Paper
OFF-AR-1098,Newell Highlighters,Office Supplies,Art
TEC-CO-1099,Canon Copier,Technology,Copiers
OFF-PA-1101,Boise Paper,Office Supplies,Paper
FUR-CH-1105,Hbada Office Chair,Furniture,Chairs
OFF-ST-1107,Iris File Box,Office Supplies,Storage
TEC-AC-1108,SanDisk Flash Drive,Technology,Accessories
TEC-PH-1110,Cisco IP Phone,Technology,Phones
TEC-AC-1112,Kensington Keyboard,Technology,Accessories
TEC-CO-1113,Canon Copier,Technology,Copiers
OFF-PA-1114,Xerox Paper Ream,Office Supplies,Paper
OFF-LA-1116,Hon Label Maker Tape,Office Supplies,Labels
TEC-CO-1117,Hewlett Packard Copier,Technology,Copiers
FUR-TA-1118,Chromcraft Round Table,Furniture,Tables
OFF-AR-1119,Sharpie Markers,Office Supplies,Art
TEC-CO-1120,Canon Copier,Technology,Copiers
FUR-TA-1121,Chromcraft Round Table,Furniture,Tables
OFF-ST-1122,SimpleHouseware Bin,Office Supplies,Storage
FUR-CH-1123,Global Task Chair,Furniture,Chairs
OFF-AR-1124,Newell Highlighters,Office Supplies,Art
TEC-PH-1126,Apple iPhone,Technology,Phones
TEC-PH-1127,Samsung Galaxy,Technology,Phones
OFF-PA-1128,HP Paper Ream,Office Supplies,Paper
TEC-CO-1129,Hewlett Packard Copier,Technology,Copiers
TEC-MA-1130,Lexmark Printer,Technology,Machines
OFF-PA-1131,Xerox Paper Ream,Office Supplies,Paper
OFF-AR-1132,Sharpie Markers,Office Supplies,Art
TEC-CO-1134,Hewlett Packard Copier,Technology,Copiers
FUR-CH-1136,Hbada Office Chair,Furniture,Chairs
OFF-AR-1138,Bic Pens,Office Supplies,Art
TEC-AC-1139,Logitech Mouse,Technology,Accessories
TEC-CO-1140,Hewlett Packard Copier,Technology,Copiers
OFF-AR-1141,Bic Pens,Office Supplies,Art
TEC-PH-1142,Cisco IP Phone,Technology,Phones
OFF-BI-1143,GBC Binding System,Office Supplies,Binders
FUR-TA-1144,Bush Somerset Table,Furniture,Tables
OFF-PA-1145,HP Paper Ream,Office Supplies,Paper
OFF-AR-1146,Newell Highlighters,Office Supplies,Art
OFF-LA-1147,Hon Label Maker Tape,Office Supplies,Labels
OFF-ST-1148,SimpleHouseware Bin,Office Supplies,Storage
OFF-BI-1149,Wilson Jones Binder,Office Supplies,Binders
OFF-PA-1151,Boise Paper,Office Supplies,Paper
OFF-PA-1152,HP Paper Ream,Office Supplies,Paper
FUR-FU-1153,Advantus Task Lamp,Furniture,Furnishings
OFF-AR-1154,Newell Highlighters,Office Supplies,Art
OFF-PA-1155,Xerox Paper Ream,Office Supplies,Paper
OFF-ST-1156,Fellowes Storage Box,Office Supplies,Storage
TEC-CO-1157,Canon Copier,Technology,Copiers
TEC-MA-1158,Cubify 3D Printer,Technology,Machines
OFF-PA-1159,Boise Paper,Office Supplies,Paper
TEC-AC-1160,Logitech Mouse,Technology,Accessories
FUR-FU-1161,Advantus Task Lamp,Furniture,Furnishings
OFF-AR-1162,Newell Highlighters,Office Supplies,Art
TEC-CO-1163,Canon Copier,Technology,Copiers
OFF-PA-1165,Boise Paper,Office Supplies,Paper
FUR-BO-1167,Sauder Bookcase,Furniture,Bookcases
TEC-MA-1168,Cubify 3D Printer,Technology,Machines
FUR-CH-1170,Global Task Chair,Furniture,Chairs
FUR-CH-1172,Hbada Office Chair,Furniture,Chairs
OFF-PA-1173,HP Paper Ream,Office Supplies,Paper
OFF-PA-1178,HP Paper Ream,Office Supplies,Paper
FUR-BO-1179,Bush Cubix Bookcase,Furniture,Bookcases
FUR-FU-1180,Tenex Chairmat,Furniture,Furnishings
TEC-CO-1182,Canon Copier,Technology,Copiers
OFF-PA-1184,Boise Paper,Office Supplies,Paper
OFF-AR-1186,Newell Highlighters,Office Supplies,Art
OFF-ST-1187,SimpleHouseware Bin,Office Supplies,Storage
OFF-AR-1188,Sharpie Markers,Office Supplies,Art
OFF-BI-1189,GBC Binding System,Office Supplies,Binders
TEC-MA-1190,Cubify 3D Printer,Technology,Machines
TEC-MA-1191,Zebra Label Printer,Technology,Machines
OFF-PA-1192,Boise Paper,Office Supplies,Paper
TEC-MA-1193,Zebra Label Printer,Technology,Machines
OFF-PA-1196,HP Paper Ream,Office Supplies,Paper
OFF-AR-1197,Newell Highlighters,Office Supplies,Art
FUR-TA-1198,Bush Somerset Table,Furniture,Tables
TEC-PH-1200,Samsung Galaxy,Technology,Phones
FUR-TA-1201,Bush Somerset Table,Furniture,Tables
TEC-MA-1202,Lexmark Printer,Technology,Machines
OFF-PA-1203,Boise Paper,Office Supplies,Paper
OFF-LA-1205,Avery Labels,Office Supplies,Labels
TEC-AC-1206,Logitech Mouse,Technology,Accessories
OFF-BI-1208,GBC Binding System,Office Supplies,Binders
OFF-PA-1212,Xerox Paper Ream,Office Supplies,Paper
TEC-PH-1213,Apple iPhone,Technology,Phones
FUR-FU-1214,Tenex Chairmat,Furniture,Furnishings
TEC-AC-1216,Logitech Mouse,Technology,Accessories
OFF-PA-1217,Boise Paper,Office Supplies,Paper
FUR-TA-1218,Bretford Conference Table,Furniture,Tables
OFF-AR-1220,Bic Pens,Office Supplies,Art
FUR-BO-1221,Bush Cubix Bookcase,Furniture,Bookcases
OFF-ST-1222,Fellowes Storage Box,Office Supplies,Storage
OFF-LA-1223,Hon Label Maker Tape,Office Supplies,Labels
OFF-AR-1224,Newell Highlighters,Office Supplies,Art
OFF-LA-1226,Avery Labels,Office Supplies,Labels
TEC-CO-1227,Canon Copier,Technology,Copiers
OFF-LA-1228,Hon Label Maker Tape,Office Supplies,Labels
OFF-AR-1231,Newell Highlighters,Office Supplies,Art
OFF-BI-1232,Avery Binder,Office Supplies,Binders
TEC-CO-1233,Hewlett Packard Copier,Technology,Copiers
OFF-AR-1234,Bic Pens,Office Supplies,Art
OFF-ST-1235,Iris File Box,Office Supplies,Storage
OFF-LA-1237,Hon Label Maker Tape,Office Supplies,Labels
OFF-ST-1239,Iris File Box,Office Supplies,Storage
TEC-PH-1240,Cisco IP Phone,Technology,Phones
TEC-CO-1241,Canon Copier,Technology,Copiers
TEC-MA-1242,Lexmark Printer,Technology,Machines
FUR-BO-1245,Bush Cubix Bookcase,Furniture,Bookcases
TEC-PH-1246,Samsung Galaxy,Technology,Phones
FUR-TA-1248,Bush Somerset Table,Furniture,Tables
OFF-PA-1249,Boise Paper,Office Supplies,Paper
FUR-CH-1250,HON Executive Chair,Furniture,Chairs
OFF-BI-1251,GBC Binding System,Office Supplies,Binders
FUR-BO-1254,O'Sullivan Bookcase,Furniture,Bookcases
TEC-AC-1255,Kensington Keyboard,Technology,Accessories
OFF-LA-1256,Avery Labels,Office Supplies,Labels
FUR-BO-1257,O'Sullivan Bookcase,Furniture,Bookcases
TEC-AC-1258,Kensington Keyboard,Technology,Accessories
TEC-PH-1259,Samsung Galaxy,Technology,Phones
OFF-PA-1261,Xerox Paper Ream,Office Supplies,Paper
FUR-TA-1262,Bretford Conference Table,Furniture,Tables
FUR-CH-1263,Hbada Office Chair,Furniture,Chairs
OFF-AR-1264,Newell Highlighters,Office Supplies,Art
FUR-FU-1266,Advantus Task Lamp,Furniture,Furnishings
FUR-FU-1267,Advantus Task Lamp,Furniture,Furnishings
FUR-CH-1268,HON Executive Chair,Furniture,Chairs
TEC-AC-1269,Kensington Keyboard,Technology,Accessories
OFF-BI-1270,GBC Binding System,Office Supplies,Binders
OFF-ST-1274,Iris File Box,Office Supplies,Storage
TEC-PH-1275,Samsung Galaxy,Technology,Phones
OFF-PA-1276,HP Paper Ream,Office Supplies,Paper
OFF-LA-1277,Avery Labels,Office Supplies,Labels
TEC-AC-1278,Logitech Mouse,Technology,Accessories
TEC-MA-1279,Zebra Label Printer,Technology,Machines
FUR-CH-1280,Hbada Office Chair,Furniture,Chairs
OFF-AR-1281,Newell Highlighters,Office Supplies,Art
OFF-AR-1282,Newell Highlighters,Office Supplies,Art
OFF-BI-1283,Avery Binder,Office Supplies,Binders
TEC-MA-1284,Zebra Label Printer,Technology,Machines
TEC-PH-1285,Cisco IP Phone,Technology,Phones
TEC-MA-1286,Lexmark Printer,Technology,Machines
OFF-PA-1287,Xerox Paper Ream,Office Supplies,Paper
FUR-TA-1288,Bush Somerset Table,Furniture,Tables
TEC-AC-1289,SanDisk Flash Drive,Technology,Accessories
FUR-FU-1290,Eldon Desk Lamp,Furniture,Furnishings
FUR-CH-1291,Global Task Chair,Furniture,Chairs
OFF-BI-1292,GBC Binding System,Office Supplies,Binders
TEC-CO-1297,Canon Copier,Technology,Copiers
OFF-PA-1298,Xerox Paper Ream,Office Supplies,Paper
FUR-FU-1299,Eldon Desk Lamp,Furniture,Furnishings
OFF-PA-1300,Xerox Paper Ream,Office Supplies,Paper
OFF-ST-1301,Fellowes Storage Box,Office Supplies,Storage
FUR-FU-1302,Tenex Chairmat,Furniture,Furnishings
OFF-PA-1303,Xerox Paper Ream,Office Supplies,Paper
OFF-AR-1304,Sharpie Markers,Office Supplies,Art
OFF-AR-1305,Sharpie Markers,Office Supplies,Art
TEC-PH-1306,Cisco IP Phone,Technology,Phones
TEC-PH-1309,Apple iPhone,Technology,Phones
OFF-BI-1310,Wilson Jones Binder,Office Supplies,Binders
OFF-PA-1311,Boise Paper,Office Supplies,Paper
FUR-CH-1312,Hbada Office Chair,Furniture,Chairs
TEC-PH-1313,Samsung Galaxy,Technology,Phones
FUR-FU-1314,Advantus Task Lamp,Furniture,Furnishings
OFF-ST-1316,Iris File Box,Office Supplies,Storage
TEC-MA-1317,Zebra Label Printer,Technology,Machines
OFF-PA-1318,Xerox Paper Ream,Office Supplies,Paper
OFF-PA-1319,Boise Paper,Office Supplies,Paper
OFF-AR-1320,Sharpie Markers,Office Supplies,Art
FUR-FU-1322,Advantus Task Lamp,Furniture,Furnishings
OFF-BI-1323,GBC Binding System,Office Supplies,Binders
OFF-BI-1324,Wilson Jones Binder,Office Supplies,Binders
FUR-CH-1325,Hbada Office Chair,Furniture,Chairs
FUR-FU-1326,Tenex Chairmat,Furniture,Furnishings
TEC-CO-1327,Hewlett Packard Copier,Technology,Copiers
OFF-LA-1328,Hon Label Maker Tape,Office Supplies,Labels
OFF-PA-1330,Xerox Paper Ream,Office Supplies,Paper
TEC-PH-1331,Samsung Galaxy,Technology,Phones
TEC-AC-1332,Kensington Keyboard,Technology,Accessories
TEC-CO-1333,Canon Copier,Technology,Copiers
TEC-MA-1334,Zebra Label Printer,Technology,Machines
OFF-PA-1336,Xerox Paper Ream,Office Supplies,Paper
TEC-MA-1337,Zebra Label Printer,Technology,Machines
FUR-BO-1340,Sauder Bookcase,Furniture,Bookcases
TEC-MA-1341,Lexmark Printer,Technology,Machines
FUR-TA-1342,Bush Somerset Table,Furniture,Tables
OFF-ST-1344,Fellowes Storage Box,Office Supplies,Storage
TEC-MA-1346,Lexmark Printer,Technology,Machines
OFF-LA-1349,Hon Label Maker Tape,Office Supplies,Labels
FUR-CH-1350,Hbada Office Chair,Furniture,Chairs
TEC-CO-1352,Hewlett Packard Copier,Technology,Copiers
OFF-PA-1353,Boise Paper,Office Supplies,Paper
OFF-ST-1354,SimpleHouseware Bin,Office Supplies,Storage
FUR-FU-1356,Tenex Chairmat,Furniture,Furnishings
OFF-LA-1358,Hon Label Maker Tape,Office Supplies,Labels
FUR-TA-1359,Chromcraft Round Table,Furniture,Tables
FUR-TA-1360,Bush Somerset Table,Furniture,Tables
TEC-MA-1361,Zebra Label Printer,Technology,Machines
TEC-CO-1363,Canon Copier,Technology,Copiers
OFF-ST-1364,Fellowes Storage Box,Office Supplies,Storage
OFF-LA-1365,Hon Label Maker Tape,Office Supplies,Labels
OFF-LA-1367,Avery Labels,Office Supplies,Labels
OFF-LA-1368,Avery Labels,Office Supplies,Labels
TEC-MA-1370,Lexmark Printer,Technology,Machines
TEC-AC-1371,Kensington Keyboard,Technology,Accessories
FUR-BO-1372,Bush Cubix Bookcase,Furniture,Bookcases
FUR-CH-1373,HON Executive Chair,Furniture,Chairs
FUR-BO-1374,Sauder Bookcase,Furniture,Bookcases
OFF-PA-1375,Boise Paper,Office Supplies,Paper
FUR-TA-1376,Bush Somerset Table,Furniture,Tables
FUR-FU-1378,Tenex Chairmat,Furniture,Furnishings
FUR-BO-1379,Sauder Bookcase,Furniture,Bookcases
OFF-LA-1381,Avery Labels,Office Supplies,Labels
OFF-LA-1382,Hon Label Maker Tape,Office Supplies,Labels
TEC-MA-1383,Zebra Label Printer,Technology,Machines
OFF-AR-1384,Newell Highlighters,Office Supplies,Art
OFF-ST-1385,SimpleHouseware Bin,Office Supplies,Storage
FUR-CH-1386,Global Task Chair,Furniture,Chairs
OFF-ST-1387,Fellowes Storage Box,Office Supplies,Storage
FUR-FU-1388,Tenex Chairmat,Furniture,Furnishings
TEC-PH-1389,Apple iPhone,Technology,Phones
OFF-BI-1390,Wilson Jones Binder,Office Supplies,Binders
TEC-AC-1391,Kensington Keyboard,Technology,Accessories
OFF-LA-1393,Hon Label Maker Tape,Office Supplies,Labels
TEC-AC-1394,SanDisk Flash Drive,Technology,Accessories
TEC-PH-1395,Cisco IP Phone,Technology,Phones
TEC-CO-1396,Canon Copier,Technology,Copiers
OFF-LA-1397,Avery Labels,Office Supplies,Labels
TEC-MA-1398,Lexmark Printer,Technology,Machines
OFF-AR-1399,Bic Pens,Office Supplies,Art
